<edmx:Edmx
    xmlns:edmx="http://schemas.microsoft.com/ado/2007/06/edmx"
    xmlns:m="http://schemas.microsoft.com/ado/2007/08/dataservices/metadata"
    xmlns:sap="http://www.sap.com/Protocols/SAPData" Version="1.0">
    <edmx:DataServices m:DataServiceVersion="2.0">
        <Schema
            xmlns="http://schemas.microsoft.com/ado/2008/09/edm" Namespace="ZOD_PLM_JDOC_360_SRV" xml:lang="en" sap:schema-version="1">
            <EntityType Name="SiteList" sap:content-version="1">
                <Key>
                    <PropertyRef Name="SiteId"/>
                </Key>
                <Property Name="SiteId" Type="Edm.String" Nullable="false" MaxLength="3" sap:label="Site Id" sap:creatable="false" sap:updatable="false" sap:sortable="false" sap:filterable="false"/>
                <Property Name="SiteName" Type="Edm.String" Nullable="false" MaxLength="40" sap:label="Site Name" sap:creatable="false" sap:updatable="false" sap:sortable="false" sap:filterable="false"/>
                <NavigationProperty Name="NavToSiteJdocsList" Relationship="ZOD_PLM_JDOC_360_SRV.NavToSiteJdocsList" FromRole="FromRole_NavToSiteJdocsList" ToRole="ToRole_NavToSiteJdocsList"/>
                <NavigationProperty Name="NavToSiteList" Relationship="ZOD_PLM_JDOC_360_SRV.NavToSiteList" FromRole="FromRole_NavToSiteList" ToRole="ToRole_NavToSiteList"/>
            </EntityType>
            <EntityType Name="SiteMasterList" sap:content-version="1">
                <Key>
                    <PropertyRef Name="JdocNumber"/>
                    <PropertyRef Name="JdocRevision"/>
                    <PropertyRef Name="SiteId"/>
                </Key>
                <Property Name="JdocNumber" Type="Edm.String" Nullable="false" MaxLength="78" sap:label="JDoc Num" sap:creatable="false" sap:updatable="false" sap:sortable="false" sap:filterable="false"/>
                <Property Name="JdocRevision" Type="Edm.String" Nullable="false" MaxLength="3" sap:label="Jdoc - Revision" sap:creatable="false" sap:updatable="false" sap:sortable="false" sap:filterable="false"/>
                <Property Name="JdocVersion" Type="Edm.String" Nullable="false" MaxLength="2" sap:label="JDoc - Version" sap:creatable="false" sap:updatable="false" sap:sortable="false" sap:filterable="false"/>
                <Property Name="JdocStatus" Type="Edm.String" Nullable="false" MaxLength="2" sap:label="Jdoc Status" sap:creatable="false" sap:updatable="false" sap:sortable="false" sap:filterable="false"/>
                <Property Name="DocumentNumber" Type="Edm.String" Nullable="false" MaxLength="25" sap:label="Document" sap:creatable="false" sap:updatable="false" sap:sortable="false" sap:filterable="false"/>
                <Property Name="DocumentType" Type="Edm.String" Nullable="false" MaxLength="3" sap:label="Document Type" sap:creatable="false" sap:updatable="false" sap:sortable="false" sap:filterable="false"/>
                <Property Name="DocumentPart" Type="Edm.String" Nullable="false" MaxLength="3" sap:label="Document Part" sap:creatable="false" sap:updatable="false" sap:sortable="false" sap:filterable="false"/>
                <Property Name="DocumentVersion" Type="Edm.String" Nullable="false" MaxLength="2" sap:label="Doc. Version" sap:creatable="false" sap:updatable="false" sap:sortable="false" sap:filterable="false"/>
                <Property Name="SiteId" Type="Edm.String" Nullable="false" MaxLength="3" sap:label="Site Id" sap:creatable="false" sap:updatable="false" sap:sortable="false" sap:filterable="false"/>
                <Property Name="TypeId" Type="Edm.String" Nullable="false" MaxLength="3" sap:label="Type Id" sap:creatable="false" sap:updatable="false" sap:sortable="false" sap:filterable="false"/>
                <Property Name="SubType" Type="Edm.String" Nullable="false" MaxLength="40" sap:label="Sub Type" sap:creatable="false" sap:updatable="false" sap:sortable="false" sap:filterable="false"/>
                <Property Name="Department" Type="Edm.String" Nullable="false" MaxLength="2" sap:label="Department Id" sap:creatable="false" sap:updatable="false" sap:sortable="false" sap:filterable="false"/>
                <Property Name="DeleteFlag" Type="Edm.Boolean" Nullable="false" sap:label="Deletion Flag" sap:creatable="false" sap:updatable="false" sap:sortable="false" sap:filterable="false"/>
                <Property Name="CorpSiteFunction" Type="Edm.String" Nullable="false" MaxLength="40" sap:label="Corporate/Site Func" sap:creatable="false" sap:updatable="false" sap:sortable="false" sap:filterable="false"/>
                <Property Name="AuthorId" Type="Edm.String" Nullable="false" MaxLength="12" sap:label="Author Id" sap:creatable="false" sap:updatable="false" sap:sortable="false" sap:filterable="false"/>
                <Property Name="OwnerId" Type="Edm.String" Nullable="false" MaxLength="12" sap:label="Owner Id" sap:creatable="false" sap:updatable="false" sap:sortable="false" sap:filterable="false"/>
                <Property Name="PreviousNumber" Type="Edm.String" Nullable="false" MaxLength="78" sap:label="Previous Number" sap:creatable="false" sap:updatable="false" sap:sortable="false" sap:filterable="false"/>
                <Property Name="PublishToPdf" Type="Edm.Boolean" Nullable="false" sap:label="Publish to PDF" sap:creatable="false" sap:updatable="false" sap:sortable="false" sap:filterable="false"/>
                <Property Name="Customer" Type="Edm.String" Nullable="false" MaxLength="40" sap:label="Customer" sap:creatable="false" sap:updatable="false" sap:sortable="false" sap:filterable="false"/>
                <Property Name="ConfidentialFlag" Type="Edm.Boolean" Nullable="false" sap:label="Publish to PDF" sap:creatable="false" sap:updatable="false" sap:sortable="false" sap:filterable="false"/>
                <Property Name="QmsCoreProc" Type="Edm.String" Nullable="false" MaxLength="3" sap:label="Yes/No" sap:creatable="false" sap:updatable="false" sap:sortable="false" sap:filterable="false"/>
                <Property Name="QmsFirstLevel" Type="Edm.String" Nullable="false" MaxLength="60" sap:label="JDoc - QMS First Level" sap:creatable="false" sap:updatable="false" sap:sortable="false" sap:filterable="false"/>
                <Property Name="QmsSecondLevel" Type="Edm.String" Nullable="false" MaxLength="60" sap:label="JDoc - QMS Second Level" sap:creatable="false" sap:updatable="false" sap:sortable="false" sap:filterable="false"/>
                <Property Name="Workcell" Type="Edm.String" Nullable="false" MaxLength="30" sap:label="JDoc - Workcell" sap:creatable="false" sap:updatable="false" sap:sortable="false" sap:filterable="false"/>
                <Property Name="ChangeDescription" Type="Edm.String" Nullable="false" MaxLength="255" sap:label="Change Description" sap:creatable="false" sap:updatable="false" sap:sortable="false" sap:filterable="false"/>
                <Property Name="ExtDocNo" Type="Edm.String" Nullable="false" MaxLength="78" sap:label="Ext Doc No" sap:creatable="false" sap:updatable="false" sap:sortable="false" sap:filterable="false"/>
                <Property Name="ExtDocRev" Type="Edm.String" Nullable="false" MaxLength="2" sap:label="Ext Doc Revision" sap:creatable="false" sap:updatable="false" sap:sortable="false" sap:filterable="false"/>
                <Property Name="CreatedDate" Type="Edm.DateTime" Precision="7" sap:label="Created Date" sap:creatable="false" sap:updatable="false" sap:sortable="false" sap:filterable="false"/>
                <Property Name="NextReviewDate" Type="Edm.DateTime" Precision="7" sap:label="Next Review Date" sap:creatable="false" sap:updatable="false" sap:sortable="false" sap:filterable="false"/>
                <Property Name="ReleaseDate" Type="Edm.DateTime" Precision="7" sap:label="Release Date" sap:creatable="false" sap:updatable="false" sap:sortable="false" sap:filterable="false"/>
                <Property Name="EffectiveDate" Type="Edm.DateTime" Precision="7" sap:label="Effective Date" sap:creatable="false" sap:updatable="false" sap:sortable="false" sap:filterable="false"/>
                <Property Name="ExpirationDate" Type="Edm.DateTime" Precision="7" sap:label="Expiration Date" sap:creatable="false" sap:updatable="false" sap:sortable="false" sap:filterable="false"/>
                <Property Name="Field00" Type="Edm.String" Nullable="false" MaxLength="40" sap:label="Field Values" sap:creatable="false" sap:updatable="false" sap:sortable="false" sap:filterable="false"/>
                <Property Name="Field01" Type="Edm.String" Nullable="false" MaxLength="40" sap:label="Field Values" sap:creatable="false" sap:updatable="false" sap:sortable="false" sap:filterable="false"/>
                <Property Name="Field02" Type="Edm.String" Nullable="false" MaxLength="40" sap:label="Field Values" sap:creatable="false" sap:updatable="false" sap:sortable="false" sap:filterable="false"/>
                <Property Name="Field03" Type="Edm.String" Nullable="false" MaxLength="40" sap:label="Field Values" sap:creatable="false" sap:updatable="false" sap:sortable="false" sap:filterable="false"/>
                <Property Name="Field04" Type="Edm.String" Nullable="false" MaxLength="40" sap:label="Field Values" sap:creatable="false" sap:updatable="false" sap:sortable="false" sap:filterable="false"/>
                <Property Name="Field05" Type="Edm.String" Nullable="false" MaxLength="40" sap:label="Field Values" sap:creatable="false" sap:updatable="false" sap:sortable="false" sap:filterable="false"/>
                <Property Name="Field06" Type="Edm.String" Nullable="false" MaxLength="40" sap:label="Field Values" sap:creatable="false" sap:updatable="false" sap:sortable="false" sap:filterable="false"/>
                <Property Name="Field07" Type="Edm.String" Nullable="false" MaxLength="40" sap:label="Field Values" sap:creatable="false" sap:updatable="false" sap:sortable="false" sap:filterable="false"/>
                <Property Name="MainFile" Type="Edm.String" Nullable="false" MaxLength="200" sap:label="JDoc - Original File Name" sap:creatable="false" sap:updatable="false" sap:sortable="false" sap:filterable="false"/>
                <Property Name="TitleDesc" Type="Edm.String" Nullable="false" sap:label="TITLE_DESC" sap:creatable="false" sap:updatable="false" sap:sortable="false" sap:filterable="false"/>
                <Property Name="Notes" Type="Edm.String" Nullable="false" sap:label="NOTES" sap:creatable="false" sap:updatable="false" sap:sortable="false" sap:filterable="false"/>
                <Property Name="ReasonForChange" Type="Edm.String" Nullable="false" sap:label="REASON_FOR_CHANGE" sap:creatable="false" sap:updatable="false" sap:sortable="false" sap:filterable="false"/>
                <Property Name="VersionComments" Type="Edm.String" Nullable="false" sap:label="VERSION_COMMENTS" sap:creatable="false" sap:updatable="false" sap:sortable="false" sap:filterable="false"/>
                <NavigationProperty Name="NavToSiteMasterList" Relationship="ZOD_PLM_JDOC_360_SRV.NavToSiteMasterList" FromRole="FromRole_NavToSiteMasterList" ToRole="ToRole_NavToSiteMasterList"/>
            </EntityType>
            <EntityType Name="JdocsList" sap:content-version="1">
                <Key>
                    <PropertyRef Name="JdocNumber"/>
                    <PropertyRef Name="JdocRevision"/>
                </Key>
                <Property Name="JdocNumber" Type="Edm.String" Nullable="false" MaxLength="78" sap:label="JDoc Num" sap:creatable="false" sap:updatable="false" sap:sortable="false" sap:filterable="false"/>
                <Property Name="JdocRevision" Type="Edm.String" Nullable="false" MaxLength="3" sap:label="Jdoc - Revision" sap:creatable="false" sap:updatable="false" sap:sortable="false" sap:filterable="false"/>
                <Property Name="JdocTitle" Type="Edm.String" Nullable="false" MaxLength="40" sap:label="Description" sap:creatable="false" sap:updatable="false" sap:sortable="false" sap:filterable="false"/>
                <Property Name="CreatedDate" Type="Edm.DateTime" Precision="7" sap:label="Created Date" sap:creatable="false" sap:updatable="false" sap:sortable="false" sap:filterable="false"/>
                <Property Name="NextReviewDate" Type="Edm.DateTime" Precision="7" sap:label="Next Review Date" sap:creatable="false" sap:updatable="false" sap:sortable="false" sap:filterable="false"/>
                <Property Name="ReleaseDate" Type="Edm.DateTime" Precision="7" sap:label="Release Date" sap:creatable="false" sap:updatable="false" sap:sortable="false" sap:filterable="false"/>
                <Property Name="EffectiveDate" Type="Edm.DateTime" Precision="7" sap:label="Effective Date" sap:creatable="false" sap:updatable="false" sap:sortable="false" sap:filterable="false"/>
                <Property Name="ExpirationDate" Type="Edm.DateTime" Precision="7" sap:label="Expiration Date" sap:creatable="false" sap:updatable="false" sap:sortable="false" sap:filterable="false"/>
                <Property Name="AuthorId" Type="Edm.String" Nullable="false" MaxLength="12" sap:label="Author Id" sap:creatable="false" sap:updatable="false" sap:sortable="false" sap:filterable="false"/>
                <Property Name="OwnerId" Type="Edm.String" Nullable="false" MaxLength="12" sap:label="Owner Id" sap:creatable="false" sap:updatable="false" sap:sortable="false" sap:filterable="false"/>
                <Property Name="LinkedJdocNumber" Type="Edm.String" Nullable="false" MaxLength="78" sap:label="JDoc Num" sap:creatable="false" sap:updatable="false" sap:sortable="false" sap:filterable="false"/>
                <Property Name="LinkedJdocRevision" Type="Edm.String" Nullable="false" MaxLength="3" sap:label="Jdoc - Revision" sap:creatable="false" sap:updatable="false" sap:sortable="false" sap:filterable="false"/>
                <Property Name="LinkedJdocTitle" Type="Edm.String" Nullable="false" MaxLength="40" sap:label="Description" sap:creatable="false" sap:updatable="false" sap:sortable="false" sap:filterable="false"/>
                <Property Name="LinkedJdocCreatedDate" Type="Edm.DateTime" Precision="7" sap:label="Created Date" sap:creatable="false" sap:updatable="false" sap:sortable="false" sap:filterable="false"/>
                <Property Name="LinkedJdocNextReviewDate" Type="Edm.DateTime" Precision="7" sap:label="Next Review Date" sap:creatable="false" sap:updatable="false" sap:sortable="false" sap:filterable="false"/>
                <Property Name="LinkedJdocReleaseDate" Type="Edm.DateTime" Precision="7" sap:label="Release Date" sap:creatable="false" sap:updatable="false" sap:sortable="false" sap:filterable="false"/>
                <Property Name="LinkedJdocEffectiveDate" Type="Edm.DateTime" Precision="7" sap:label="Effective Date" sap:creatable="false" sap:updatable="false" sap:sortable="false" sap:filterable="false"/>
                <Property Name="LinkedJdocExpirationDate" Type="Edm.DateTime" Precision="7" sap:label="Expiration Date" sap:creatable="false" sap:updatable="false" sap:sortable="false" sap:filterable="false"/>
                <Property Name="LinkedJdocAuthorId" Type="Edm.String" Nullable="false" MaxLength="12" sap:label="Author Id" sap:creatable="false" sap:updatable="false" sap:sortable="false" sap:filterable="false"/>
                <Property Name="LinkedJdocOwnerId" Type="Edm.String" Nullable="false" MaxLength="12" sap:label="Owner Id" sap:creatable="false" sap:updatable="false" sap:sortable="false" sap:filterable="false"/>
                <Property Name="SmartLinkFlag" Type="Edm.String" Nullable="false" MaxLength="1" sap:label="Boolean Variable (X=True, -=False, Space=Unknown)" sap:creatable="false" sap:updatable="false" sap:sortable="false" sap:filterable="false"/>
            </EntityType>
            <EntityType Name="JdocsSiteList" sap:content-version="1">
                <Key>
                    <PropertyRef Name="SiteId"/>
                </Key>
                <Property Name="SiteId" Type="Edm.String" Nullable="false" MaxLength="3" sap:label="Site Id" sap:creatable="false" sap:updatable="false" sap:sortable="false" sap:filterable="false"/>
                <Property Name="SiteName" Type="Edm.String" Nullable="false" MaxLength="40" sap:label="Site Name" sap:creatable="false" sap:updatable="false" sap:sortable="false" sap:filterable="false"/>
            </EntityType>
            <EntityType Name="JdocCharts" sap:content-version="1">
                <Key>
                    <PropertyRef Name="SiteId"/>
                </Key>
                <Property Name="SiteId" Type="Edm.String" Nullable="false" MaxLength="3" sap:label="Site Id" sap:creatable="false" sap:updatable="false" sap:sortable="false" sap:filterable="false"/>
                <Property Name="SiteName" Type="Edm.String" Nullable="false" MaxLength="40" sap:label="Site Name" sap:creatable="false" sap:updatable="false" sap:sortable="false" sap:filterable="false"/>
                <Property Name="DocInprocessFlag" Type="Edm.Boolean" Nullable="false" sap:label="Indicator" sap:creatable="false" sap:updatable="false" sap:sortable="false" sap:filterable="false"/>
                <Property Name="DocStatusFlag" Type="Edm.Boolean" Nullable="false" sap:label="Indicator" sap:creatable="false" sap:updatable="false" sap:sortable="false" sap:filterable="false"/>
                <Property Name="DocTypeFlag" Type="Edm.Boolean" Nullable="false" sap:label="Indicator" sap:creatable="false" sap:updatable="false" sap:sortable="false" sap:filterable="false"/>
                <Property Name="DocPerRevFlag" Type="Edm.Boolean" Nullable="false" sap:label="Indicator" sap:creatable="false" sap:updatable="false" sap:sortable="false" sap:filterable="false"/>
                <NavigationProperty Name="NavToPendingUser" Relationship="ZOD_PLM_JDOC_360_SRV.NavToPendingUser" FromRole="FromRole_NavToPendingUser" ToRole="ToRole_NavToPendingUser"/>
                <NavigationProperty Name="NavToAuthor" Relationship="ZOD_PLM_JDOC_360_SRV.NavToAuthor" FromRole="FromRole_NavToAuthor" ToRole="ToRole_NavToAuthor"/>
                <NavigationProperty Name="NavToOwner" Relationship="ZOD_PLM_JDOC_360_SRV.NavToOwner" FromRole="FromRole_NavToOwner" ToRole="ToRole_NavToOwner"/>
                <NavigationProperty Name="NavToCustomer" Relationship="ZOD_PLM_JDOC_360_SRV.NavToCustomer" FromRole="FromRole_NavToCustomer" ToRole="ToRole_NavToCustomer"/>
                <NavigationProperty Name="NavToDepartment" Relationship="ZOD_PLM_JDOC_360_SRV.NavToDepartment" FromRole="FromRole_NavToDepartment" ToRole="ToRole_NavToDepartment"/>
                <NavigationProperty Name="NavToSite" Relationship="ZOD_PLM_JDOC_360_SRV.NavToSite" FromRole="FromRole_NavToSite" ToRole="ToRole_NavToSite"/>
                <NavigationProperty Name="NavToInProChart" Relationship="ZOD_PLM_JDOC_360_SRV.NavToInProChart" FromRole="FromRole_NavToInProChart" ToRole="ToRole_NavToInProChart"/>
                <NavigationProperty Name="NavToDocStatusChart" Relationship="ZOD_PLM_JDOC_360_SRV.NavToDocStatusChart" FromRole="FromRole_NavToDocStatusChart" ToRole="ToRole_NavToDocStatusChart"/>
                <NavigationProperty Name="NavToDocTypeChart" Relationship="ZOD_PLM_JDOC_360_SRV.NavToDocTypeChart" FromRole="FromRole_NavToDocTypeChart" ToRole="ToRole_NavToDocTypeChart"/>
                <NavigationProperty Name="NavToDocPerChart" Relationship="ZOD_PLM_JDOC_360_SRV.NavToDocPerChart" FromRole="FromRole_NavToDocPerChart" ToRole="ToRole_NavToDocPerChart"/>
            </EntityType>
            <EntityType Name="PendingUserList" sap:content-version="1">
                <Key>
                    <PropertyRef Name="User"/>
                </Key>
                <Property Name="User" Type="Edm.String" Nullable="false" MaxLength="12" sap:label="User" sap:creatable="false" sap:updatable="false" sap:sortable="false" sap:filterable="false"/>
                <Property Name="UserType" Type="Edm.String" Nullable="false" MaxLength="3" sap:label="User Type" sap:creatable="false" sap:updatable="false" sap:sortable="false" sap:filterable="false"/>
            </EntityType>
            <EntityType Name="AuthorList" sap:content-version="1">
                <Key>
                    <PropertyRef Name="User"/>
                </Key>
                <Property Name="User" Type="Edm.String" Nullable="false" MaxLength="12" sap:label="User" sap:creatable="false" sap:updatable="false" sap:sortable="false" sap:filterable="false"/>
                <Property Name="UserType" Type="Edm.String" Nullable="false" MaxLength="3" sap:label="User Type" sap:creatable="false" sap:updatable="false" sap:sortable="false" sap:filterable="false"/>
            </EntityType>
            <EntityType Name="OwnerList" sap:content-version="1">
                <Key>
                    <PropertyRef Name="User"/>
                </Key>
                <Property Name="User" Type="Edm.String" Nullable="false" MaxLength="12" sap:label="User" sap:creatable="false" sap:updatable="false" sap:sortable="false" sap:filterable="false"/>
                <Property Name="UserType" Type="Edm.String" Nullable="false" MaxLength="3" sap:label="User Type" sap:creatable="false" sap:updatable="false" sap:sortable="false" sap:filterable="false"/>
            </EntityType>
            <EntityType Name="DocumentTypeList" sap:content-version="1">
                <Key>
                    <PropertyRef Name="TypeId"/>
                </Key>
                <Property Name="TypeId" Type="Edm.String" Nullable="false" MaxLength="3" sap:label="Type Id" sap:creatable="false" sap:updatable="false" sap:sortable="false" sap:filterable="false"/>
            </EntityType>
            <EntityType Name="DepartmentList" sap:content-version="1">
                <Key>
                    <PropertyRef Name="DepId"/>
                </Key>
                <Property Name="DepId" Type="Edm.String" Nullable="false" MaxLength="2" sap:label="Department Id" sap:creatable="false" sap:updatable="false" sap:sortable="false" sap:filterable="false"/>
            </EntityType>
            <EntityType Name="CustomerList" sap:content-version="1">
                <Key>
                    <PropertyRef Name="Customer"/>
                </Key>
                <Property Name="Customer" Type="Edm.String" Nullable="false" MaxLength="40" sap:label="Customer" sap:creatable="false" sap:updatable="false" sap:sortable="false" sap:filterable="false"/>
            </EntityType>
            <EntityType Name="DocInProcessChart" sap:content-version="1">
                <Key>
                    <PropertyRef Name="JdocNumber"/>
                    <PropertyRef Name="JdocRevision"/>
                </Key>
                <Property Name="JdocNumber" Type="Edm.String" Nullable="false" MaxLength="78" sap:label="JDoc Num" sap:creatable="false" sap:updatable="false" sap:sortable="false" sap:filterable="false"/>
                <Property Name="JdocRevision" Type="Edm.String" Nullable="false" MaxLength="3" sap:label="Jdoc - Revision" sap:creatable="false" sap:updatable="false" sap:sortable="false" sap:filterable="false"/>
                <Property Name="JdocVersion" Type="Edm.String" Nullable="false" MaxLength="2" sap:label="JDoc - Version" sap:creatable="false" sap:updatable="false" sap:sortable="false" sap:filterable="false"/>
                <Property Name="JdocStatus" Type="Edm.String" Nullable="false" MaxLength="40" sap:label="Status Desc" sap:creatable="false" sap:updatable="false" sap:sortable="false" sap:filterable="false"/>
                <Property Name="JdocTitle" Type="Edm.String" Nullable="false" MaxLength="40" sap:label="Description" sap:creatable="false" sap:updatable="false" sap:sortable="false" sap:filterable="false"/>
                <Property Name="SiteId" Type="Edm.String" Nullable="false" MaxLength="3" sap:label="Site Id" sap:creatable="false" sap:updatable="false" sap:sortable="false" sap:filterable="false"/>
                <Property Name="TypeId" Type="Edm.String" Nullable="false" MaxLength="3" sap:label="Type Id" sap:creatable="false" sap:updatable="false" sap:sortable="false" sap:filterable="false"/>
                <Property Name="SubType" Type="Edm.String" Nullable="false" MaxLength="40" sap:label="Sub Type" sap:creatable="false" sap:updatable="false" sap:sortable="false" sap:filterable="false"/>
                <Property Name="Department" Type="Edm.String" Nullable="false" MaxLength="2" sap:label="Department Id" sap:creatable="false" sap:updatable="false" sap:sortable="false" sap:filterable="false"/>
                <Property Name="DeleteFlag" Type="Edm.Boolean" Nullable="false" sap:label="Deletion Flag" sap:creatable="false" sap:updatable="false" sap:sortable="false" sap:filterable="false"/>
                <Property Name="CorpSiteFunction" Type="Edm.String" Nullable="false" MaxLength="40" sap:label="Corporate/Site Func" sap:creatable="false" sap:updatable="false" sap:sortable="false" sap:filterable="false"/>
                <Property Name="AuthorId" Type="Edm.String" Nullable="false" MaxLength="12" sap:label="Author Id" sap:creatable="false" sap:updatable="false" sap:sortable="false" sap:filterable="false"/>
                <Property Name="OwnerId" Type="Edm.String" Nullable="false" MaxLength="12" sap:label="Owner Id" sap:creatable="false" sap:updatable="false" sap:sortable="false" sap:filterable="false"/>
                <Property Name="PendingUser" Type="Edm.String" Nullable="false" MaxLength="12" sap:label="Author Id" sap:creatable="false" sap:updatable="false" sap:sortable="false" sap:filterable="false"/>
                <Property Name="PreviousNumber" Type="Edm.String" Nullable="false" MaxLength="78" sap:label="Previous Number" sap:creatable="false" sap:updatable="false" sap:sortable="false" sap:filterable="false"/>
                <Property Name="PublishToPdf" Type="Edm.Boolean" Nullable="false" sap:label="Publish to PDF" sap:creatable="false" sap:updatable="false" sap:sortable="false" sap:filterable="false"/>
                <Property Name="Customer" Type="Edm.String" Nullable="false" MaxLength="40" sap:label="Customer" sap:creatable="false" sap:updatable="false" sap:sortable="false" sap:filterable="false"/>
                <Property Name="ConfidentialFlag" Type="Edm.Boolean" Nullable="false" sap:label="Publish to PDF" sap:creatable="false" sap:updatable="false" sap:sortable="false" sap:filterable="false"/>
                <Property Name="QmsCoreProc" Type="Edm.String" Nullable="false" MaxLength="3" sap:label="Yes/No" sap:creatable="false" sap:updatable="false" sap:sortable="false" sap:filterable="false"/>
                <Property Name="QmsFirstLevel" Type="Edm.String" Nullable="false" MaxLength="60" sap:label="JDoc - QMS First Level" sap:creatable="false" sap:updatable="false" sap:sortable="false" sap:filterable="false"/>
                <Property Name="QmsSecondLevel" Type="Edm.String" Nullable="false" MaxLength="60" sap:label="JDoc - QMS Second Level" sap:creatable="false" sap:updatable="false" sap:sortable="false" sap:filterable="false"/>
                <Property Name="Workcell" Type="Edm.String" Nullable="false" MaxLength="30" sap:label="JDoc - Workcell" sap:creatable="false" sap:updatable="false" sap:sortable="false" sap:filterable="false"/>
                <Property Name="ChangeDescription" Type="Edm.String" Nullable="false" MaxLength="255" sap:label="Change Description" sap:creatable="false" sap:updatable="false" sap:sortable="false" sap:filterable="false"/>
                <Property Name="ExtDocNo" Type="Edm.String" Nullable="false" MaxLength="78" sap:label="Ext Doc No" sap:creatable="false" sap:updatable="false" sap:sortable="false" sap:filterable="false"/>
                <Property Name="ExtDocRev" Type="Edm.String" Nullable="false" MaxLength="2" sap:label="Ext Doc Revision" sap:creatable="false" sap:updatable="false" sap:sortable="false" sap:filterable="false"/>
                <Property Name="CreatedDate" Type="Edm.DateTime" Nullable="false" Precision="7" sap:label="Created Date" sap:creatable="false" sap:updatable="false" sap:sortable="false" sap:filterable="false"/>
                <Property Name="NextReviewDate" Type="Edm.DateTime" Nullable="false" Precision="7" sap:label="Next Review Date" sap:creatable="false" sap:updatable="false" sap:sortable="false" sap:filterable="false"/>
                <Property Name="ReleaseDate" Type="Edm.DateTime" Nullable="false" Precision="7" sap:label="Release Date" sap:creatable="false" sap:updatable="false" sap:sortable="false" sap:filterable="false"/>
                <Property Name="EffectiveDate" Type="Edm.DateTime" Nullable="false" Precision="7" sap:label="Effective Date" sap:creatable="false" sap:updatable="false" sap:sortable="false" sap:filterable="false"/>
                <Property Name="ExpirationDate" Type="Edm.DateTime" Nullable="false" Precision="7" sap:label="Expiration Date" sap:creatable="false" sap:updatable="false" sap:sortable="false" sap:filterable="false"/>
                <Property Name="Field01" Type="Edm.String" Nullable="false" MaxLength="40" sap:label="Field Values" sap:creatable="false" sap:updatable="false" sap:sortable="false" sap:filterable="false"/>
                <Property Name="Field02" Type="Edm.String" Nullable="false" MaxLength="40" sap:label="Field Values" sap:creatable="false" sap:updatable="false" sap:sortable="false" sap:filterable="false"/>
                <Property Name="Field03" Type="Edm.String" Nullable="false" MaxLength="40" sap:label="Field Values" sap:creatable="false" sap:updatable="false" sap:sortable="false" sap:filterable="false"/>
                <Property Name="Field04" Type="Edm.String" Nullable="false" MaxLength="40" sap:label="Field Values" sap:creatable="false" sap:updatable="false" sap:sortable="false" sap:filterable="false"/>
                <Property Name="Field05" Type="Edm.String" Nullable="false" MaxLength="40" sap:label="Field Values" sap:creatable="false" sap:updatable="false" sap:sortable="false" sap:filterable="false"/>
                <Property Name="Field06" Type="Edm.String" Nullable="false" MaxLength="40" sap:label="Field Values" sap:creatable="false" sap:updatable="false" sap:sortable="false" sap:filterable="false"/>
                <Property Name="Field07" Type="Edm.String" Nullable="false" MaxLength="40" sap:label="Field Values" sap:creatable="false" sap:updatable="false" sap:sortable="false" sap:filterable="false"/>
                <Property Name="Field08" Type="Edm.String" Nullable="false" MaxLength="40" sap:label="Field Values" sap:creatable="false" sap:updatable="false" sap:sortable="false" sap:filterable="false"/>
                <Property Name="Field09" Type="Edm.String" Nullable="false" MaxLength="40" sap:label="Field Values" sap:creatable="false" sap:updatable="false" sap:sortable="false" sap:filterable="false"/>
                <Property Name="Field10" Type="Edm.String" Nullable="false" MaxLength="40" sap:label="Field Values" sap:creatable="false" sap:updatable="false" sap:sortable="false" sap:filterable="false"/>
                <Property Name="MainFile" Type="Edm.String" Nullable="false" MaxLength="200" sap:label="JDoc - Original File Name" sap:creatable="false" sap:updatable="false" sap:sortable="false" sap:filterable="false"/>
            </EntityType>
            <EntityType Name="DocStatusChart" sap:content-version="1">
                <Key>
                    <PropertyRef Name="JdocNumber"/>
                    <PropertyRef Name="JdocRevision"/>
                </Key>
                <Property Name="JdocNumber" Type="Edm.String" Nullable="false" MaxLength="78" sap:label="JDoc Num" sap:creatable="false" sap:updatable="false" sap:sortable="false" sap:filterable="false"/>
                <Property Name="JdocRevision" Type="Edm.String" Nullable="false" MaxLength="3" sap:label="Jdoc - Revision" sap:creatable="false" sap:updatable="false" sap:sortable="false" sap:filterable="false"/>
                <Property Name="JdocVersion" Type="Edm.String" Nullable="false" MaxLength="2" sap:label="JDoc - Version" sap:creatable="false" sap:updatable="false" sap:sortable="false" sap:filterable="false"/>
                <Property Name="JdocStatus" Type="Edm.String" Nullable="false" MaxLength="40" sap:label="Status Desc" sap:creatable="false" sap:updatable="false" sap:sortable="false" sap:filterable="false"/>
                <Property Name="JdocTitle" Type="Edm.String" Nullable="false" MaxLength="40" sap:label="Description" sap:creatable="false" sap:updatable="false" sap:sortable="false" sap:filterable="false"/>
                <Property Name="SiteId" Type="Edm.String" Nullable="false" MaxLength="3" sap:label="Site Id" sap:creatable="false" sap:updatable="false" sap:sortable="false" sap:filterable="false"/>
                <Property Name="TypeId" Type="Edm.String" Nullable="false" MaxLength="3" sap:label="Type Id" sap:creatable="false" sap:updatable="false" sap:sortable="false" sap:filterable="false"/>
                <Property Name="SubType" Type="Edm.String" Nullable="false" MaxLength="40" sap:label="Sub Type" sap:creatable="false" sap:updatable="false" sap:sortable="false" sap:filterable="false"/>
                <Property Name="Department" Type="Edm.String" Nullable="false" MaxLength="2" sap:label="Department Id" sap:creatable="false" sap:updatable="false" sap:sortable="false" sap:filterable="false"/>
                <Property Name="DeleteFlag" Type="Edm.Boolean" Nullable="false" sap:label="Deletion Flag" sap:creatable="false" sap:updatable="false" sap:sortable="false" sap:filterable="false"/>
                <Property Name="CorpSiteFunction" Type="Edm.String" Nullable="false" MaxLength="40" sap:label="Corporate/Site Func" sap:creatable="false" sap:updatable="false" sap:sortable="false" sap:filterable="false"/>
                <Property Name="AuthorId" Type="Edm.String" Nullable="false" MaxLength="12" sap:label="Author Id" sap:creatable="false" sap:updatable="false" sap:sortable="false" sap:filterable="false"/>
                <Property Name="OwnerId" Type="Edm.String" Nullable="false" MaxLength="12" sap:label="Owner Id" sap:creatable="false" sap:updatable="false" sap:sortable="false" sap:filterable="false"/>
                <Property Name="PendingUser" Type="Edm.String" Nullable="false" MaxLength="12" sap:label="Author Id" sap:creatable="false" sap:updatable="false" sap:sortable="false" sap:filterable="false"/>
                <Property Name="PreviousNumber" Type="Edm.String" Nullable="false" MaxLength="78" sap:label="Previous Number" sap:creatable="false" sap:updatable="false" sap:sortable="false" sap:filterable="false"/>
                <Property Name="PublishToPdf" Type="Edm.Boolean" Nullable="false" sap:label="Publish to PDF" sap:creatable="false" sap:updatable="false" sap:sortable="false" sap:filterable="false"/>
                <Property Name="Customer" Type="Edm.String" Nullable="false" MaxLength="40" sap:label="Customer" sap:creatable="false" sap:updatable="false" sap:sortable="false" sap:filterable="false"/>
                <Property Name="ConfidentialFlag" Type="Edm.Boolean" Nullable="false" sap:label="Publish to PDF" sap:creatable="false" sap:updatable="false" sap:sortable="false" sap:filterable="false"/>
                <Property Name="QmsCoreProc" Type="Edm.String" Nullable="false" MaxLength="3" sap:label="Yes/No" sap:creatable="false" sap:updatable="false" sap:sortable="false" sap:filterable="false"/>
                <Property Name="QmsFirstLevel" Type="Edm.String" Nullable="false" MaxLength="60" sap:label="JDoc - QMS First Level" sap:creatable="false" sap:updatable="false" sap:sortable="false" sap:filterable="false"/>
                <Property Name="QmsSecondLevel" Type="Edm.String" Nullable="false" MaxLength="60" sap:label="JDoc - QMS Second Level" sap:creatable="false" sap:updatable="false" sap:sortable="false" sap:filterable="false"/>
                <Property Name="Workcell" Type="Edm.String" Nullable="false" MaxLength="30" sap:label="JDoc - Workcell" sap:creatable="false" sap:updatable="false" sap:sortable="false" sap:filterable="false"/>
                <Property Name="ChangeDescription" Type="Edm.String" Nullable="false" MaxLength="255" sap:label="Change Description" sap:creatable="false" sap:updatable="false" sap:sortable="false" sap:filterable="false"/>
                <Property Name="ExtDocNo" Type="Edm.String" Nullable="false" MaxLength="78" sap:label="Ext Doc No" sap:creatable="false" sap:updatable="false" sap:sortable="false" sap:filterable="false"/>
                <Property Name="ExtDocRev" Type="Edm.String" Nullable="false" MaxLength="2" sap:label="Ext Doc Revision" sap:creatable="false" sap:updatable="false" sap:sortable="false" sap:filterable="false"/>
                <Property Name="CreatedDate" Type="Edm.DateTime" Nullable="false" Precision="7" sap:label="Created Date" sap:creatable="false" sap:updatable="false" sap:sortable="false" sap:filterable="false"/>
                <Property Name="NextReviewDate" Type="Edm.DateTime" Nullable="false" Precision="7" sap:label="Next Review Date" sap:creatable="false" sap:updatable="false" sap:sortable="false" sap:filterable="false"/>
                <Property Name="ReleaseDate" Type="Edm.DateTime" Nullable="false" Precision="7" sap:label="Release Date" sap:creatable="false" sap:updatable="false" sap:sortable="false" sap:filterable="false"/>
                <Property Name="EffectiveDate" Type="Edm.DateTime" Nullable="false" Precision="7" sap:label="Effective Date" sap:creatable="false" sap:updatable="false" sap:sortable="false" sap:filterable="false"/>
                <Property Name="ExpirationDate" Type="Edm.DateTime" Nullable="false" Precision="7" sap:label="Expiration Date" sap:creatable="false" sap:updatable="false" sap:sortable="false" sap:filterable="false"/>
                <Property Name="Field01" Type="Edm.String" Nullable="false" MaxLength="40" sap:label="Field Values" sap:creatable="false" sap:updatable="false" sap:sortable="false" sap:filterable="false"/>
                <Property Name="Field02" Type="Edm.String" Nullable="false" MaxLength="40" sap:label="Field Values" sap:creatable="false" sap:updatable="false" sap:sortable="false" sap:filterable="false"/>
                <Property Name="Field03" Type="Edm.String" Nullable="false" MaxLength="40" sap:label="Field Values" sap:creatable="false" sap:updatable="false" sap:sortable="false" sap:filterable="false"/>
                <Property Name="Field04" Type="Edm.String" Nullable="false" MaxLength="40" sap:label="Field Values" sap:creatable="false" sap:updatable="false" sap:sortable="false" sap:filterable="false"/>
                <Property Name="Field05" Type="Edm.String" Nullable="false" MaxLength="40" sap:label="Field Values" sap:creatable="false" sap:updatable="false" sap:sortable="false" sap:filterable="false"/>
                <Property Name="Field06" Type="Edm.String" Nullable="false" MaxLength="40" sap:label="Field Values" sap:creatable="false" sap:updatable="false" sap:sortable="false" sap:filterable="false"/>
                <Property Name="Field07" Type="Edm.String" Nullable="false" MaxLength="40" sap:label="Field Values" sap:creatable="false" sap:updatable="false" sap:sortable="false" sap:filterable="false"/>
                <Property Name="Field08" Type="Edm.String" Nullable="false" MaxLength="40" sap:label="Field Values" sap:creatable="false" sap:updatable="false" sap:sortable="false" sap:filterable="false"/>
                <Property Name="Field09" Type="Edm.String" Nullable="false" MaxLength="40" sap:label="Field Values" sap:creatable="false" sap:updatable="false" sap:sortable="false" sap:filterable="false"/>
                <Property Name="Field10" Type="Edm.String" Nullable="false" MaxLength="40" sap:label="Field Values" sap:creatable="false" sap:updatable="false" sap:sortable="false" sap:filterable="false"/>
                <Property Name="MainFile" Type="Edm.String" Nullable="false" MaxLength="200" sap:label="JDoc - Original File Name" sap:creatable="false" sap:updatable="false" sap:sortable="false" sap:filterable="false"/>
            </EntityType>
            <EntityType Name="DocTypeChart" sap:content-version="1">
                <Key>
                    <PropertyRef Name="JdocNumber"/>
                    <PropertyRef Name="JdocRevision"/>
                </Key>
                <Property Name="JdocNumber" Type="Edm.String" Nullable="false" MaxLength="78" sap:label="JDoc Num" sap:creatable="false" sap:updatable="false" sap:sortable="false" sap:filterable="false"/>
                <Property Name="JdocRevision" Type="Edm.String" Nullable="false" MaxLength="3" sap:label="Jdoc - Revision" sap:creatable="false" sap:updatable="false" sap:sortable="false" sap:filterable="false"/>
                <Property Name="JdocVersion" Type="Edm.String" Nullable="false" MaxLength="2" sap:label="JDoc - Version" sap:creatable="false" sap:updatable="false" sap:sortable="false" sap:filterable="false"/>
                <Property Name="JdocStatus" Type="Edm.String" Nullable="false" MaxLength="40" sap:label="Status Desc" sap:creatable="false" sap:updatable="false" sap:sortable="false" sap:filterable="false"/>
                <Property Name="JdocTitle" Type="Edm.String" Nullable="false" MaxLength="40" sap:label="Description" sap:creatable="false" sap:updatable="false" sap:sortable="false" sap:filterable="false"/>
                <Property Name="SiteId" Type="Edm.String" Nullable="false" MaxLength="3" sap:label="Site Id" sap:creatable="false" sap:updatable="false" sap:sortable="false" sap:filterable="false"/>
                <Property Name="TypeId" Type="Edm.String" Nullable="false" MaxLength="3" sap:label="Type Id" sap:creatable="false" sap:updatable="false" sap:sortable="false" sap:filterable="false"/>
                <Property Name="SubType" Type="Edm.String" Nullable="false" MaxLength="40" sap:label="Sub Type" sap:creatable="false" sap:updatable="false" sap:sortable="false" sap:filterable="false"/>
                <Property Name="Department" Type="Edm.String" Nullable="false" MaxLength="2" sap:label="Department Id" sap:creatable="false" sap:updatable="false" sap:sortable="false" sap:filterable="false"/>
                <Property Name="DeleteFlag" Type="Edm.Boolean" Nullable="false" sap:label="Deletion Flag" sap:creatable="false" sap:updatable="false" sap:sortable="false" sap:filterable="false"/>
                <Property Name="CorpSiteFunction" Type="Edm.String" Nullable="false" MaxLength="40" sap:label="Corporate/Site Func" sap:creatable="false" sap:updatable="false" sap:sortable="false" sap:filterable="false"/>
                <Property Name="AuthorId" Type="Edm.String" Nullable="false" MaxLength="12" sap:label="Author Id" sap:creatable="false" sap:updatable="false" sap:sortable="false" sap:filterable="false"/>
                <Property Name="OwnerId" Type="Edm.String" Nullable="false" MaxLength="12" sap:label="Owner Id" sap:creatable="false" sap:updatable="false" sap:sortable="false" sap:filterable="false"/>
                <Property Name="PendingUser" Type="Edm.String" Nullable="false" MaxLength="12" sap:label="Author Id" sap:creatable="false" sap:updatable="false" sap:sortable="false" sap:filterable="false"/>
                <Property Name="PreviousNumber" Type="Edm.String" Nullable="false" MaxLength="78" sap:label="Previous Number" sap:creatable="false" sap:updatable="false" sap:sortable="false" sap:filterable="false"/>
                <Property Name="PublishToPdf" Type="Edm.Boolean" Nullable="false" sap:label="Publish to PDF" sap:creatable="false" sap:updatable="false" sap:sortable="false" sap:filterable="false"/>
                <Property Name="Customer" Type="Edm.String" Nullable="false" MaxLength="40" sap:label="Customer" sap:creatable="false" sap:updatable="false" sap:sortable="false" sap:filterable="false"/>
                <Property Name="ConfidentialFlag" Type="Edm.Boolean" Nullable="false" sap:label="Publish to PDF" sap:creatable="false" sap:updatable="false" sap:sortable="false" sap:filterable="false"/>
                <Property Name="QmsCoreProc" Type="Edm.String" Nullable="false" MaxLength="3" sap:label="Yes/No" sap:creatable="false" sap:updatable="false" sap:sortable="false" sap:filterable="false"/>
                <Property Name="QmsFirstLevel" Type="Edm.String" Nullable="false" MaxLength="60" sap:label="JDoc - QMS First Level" sap:creatable="false" sap:updatable="false" sap:sortable="false" sap:filterable="false"/>
                <Property Name="QmsSecondLevel" Type="Edm.String" Nullable="false" MaxLength="60" sap:label="JDoc - QMS Second Level" sap:creatable="false" sap:updatable="false" sap:sortable="false" sap:filterable="false"/>
                <Property Name="Workcell" Type="Edm.String" Nullable="false" MaxLength="30" sap:label="JDoc - Workcell" sap:creatable="false" sap:updatable="false" sap:sortable="false" sap:filterable="false"/>
                <Property Name="ChangeDescription" Type="Edm.String" Nullable="false" MaxLength="255" sap:label="Change Description" sap:creatable="false" sap:updatable="false" sap:sortable="false" sap:filterable="false"/>
                <Property Name="ExtDocNo" Type="Edm.String" Nullable="false" MaxLength="78" sap:label="Ext Doc No" sap:creatable="false" sap:updatable="false" sap:sortable="false" sap:filterable="false"/>
                <Property Name="ExtDocRev" Type="Edm.String" Nullable="false" MaxLength="2" sap:label="Ext Doc Revision" sap:creatable="false" sap:updatable="false" sap:sortable="false" sap:filterable="false"/>
                <Property Name="CreatedDate" Type="Edm.DateTime" Nullable="false" Precision="7" sap:label="Created Date" sap:creatable="false" sap:updatable="false" sap:sortable="false" sap:filterable="false"/>
                <Property Name="NextReviewDate" Type="Edm.DateTime" Nullable="false" Precision="7" sap:label="Next Review Date" sap:creatable="false" sap:updatable="false" sap:sortable="false" sap:filterable="false"/>
                <Property Name="ReleaseDate" Type="Edm.DateTime" Nullable="false" Precision="7" sap:label="Release Date" sap:creatable="false" sap:updatable="false" sap:sortable="false" sap:filterable="false"/>
                <Property Name="EffectiveDate" Type="Edm.DateTime" Nullable="false" Precision="7" sap:label="Effective Date" sap:creatable="false" sap:updatable="false" sap:sortable="false" sap:filterable="false"/>
                <Property Name="ExpirationDate" Type="Edm.DateTime" Nullable="false" Precision="7" sap:label="Expiration Date" sap:creatable="false" sap:updatable="false" sap:sortable="false" sap:filterable="false"/>
                <Property Name="Field01" Type="Edm.String" Nullable="false" MaxLength="40" sap:label="Field Values" sap:creatable="false" sap:updatable="false" sap:sortable="false" sap:filterable="false"/>
                <Property Name="Field02" Type="Edm.String" Nullable="false" MaxLength="40" sap:label="Field Values" sap:creatable="false" sap:updatable="false" sap:sortable="false" sap:filterable="false"/>
                <Property Name="Field03" Type="Edm.String" Nullable="false" MaxLength="40" sap:label="Field Values" sap:creatable="false" sap:updatable="false" sap:sortable="false" sap:filterable="false"/>
                <Property Name="Field04" Type="Edm.String" Nullable="false" MaxLength="40" sap:label="Field Values" sap:creatable="false" sap:updatable="false" sap:sortable="false" sap:filterable="false"/>
                <Property Name="Field05" Type="Edm.String" Nullable="false" MaxLength="40" sap:label="Field Values" sap:creatable="false" sap:updatable="false" sap:sortable="false" sap:filterable="false"/>
                <Property Name="Field06" Type="Edm.String" Nullable="false" MaxLength="40" sap:label="Field Values" sap:creatable="false" sap:updatable="false" sap:sortable="false" sap:filterable="false"/>
                <Property Name="Field07" Type="Edm.String" Nullable="false" MaxLength="40" sap:label="Field Values" sap:creatable="false" sap:updatable="false" sap:sortable="false" sap:filterable="false"/>
                <Property Name="Field08" Type="Edm.String" Nullable="false" MaxLength="40" sap:label="Field Values" sap:creatable="false" sap:updatable="false" sap:sortable="false" sap:filterable="false"/>
                <Property Name="Field09" Type="Edm.String" Nullable="false" MaxLength="40" sap:label="Field Values" sap:creatable="false" sap:updatable="false" sap:sortable="false" sap:filterable="false"/>
                <Property Name="Field10" Type="Edm.String" Nullable="false" MaxLength="40" sap:label="Field Values" sap:creatable="false" sap:updatable="false" sap:sortable="false" sap:filterable="false"/>
                <Property Name="MainFile" Type="Edm.String" Nullable="false" MaxLength="200" sap:label="JDoc - Original File Name" sap:creatable="false" sap:updatable="false" sap:sortable="false" sap:filterable="false"/>
            </EntityType>
            <EntityType Name="DocPerRevChart" sap:content-version="1">
                <Key>
                    <PropertyRef Name="JdocNumber"/>
                    <PropertyRef Name="JdocRevision"/>
                </Key>
                <Property Name="JdocNumber" Type="Edm.String" Nullable="false" MaxLength="78" sap:label="JDoc Num" sap:creatable="false" sap:updatable="false" sap:sortable="false" sap:filterable="false"/>
                <Property Name="JdocRevision" Type="Edm.String" Nullable="false" MaxLength="3" sap:label="Jdoc - Revision" sap:creatable="false" sap:updatable="false" sap:sortable="false" sap:filterable="false"/>
                <Property Name="JdocVersion" Type="Edm.String" Nullable="false" MaxLength="2" sap:label="JDoc - Version" sap:creatable="false" sap:updatable="false" sap:sortable="false" sap:filterable="false"/>
                <Property Name="JdocStatus" Type="Edm.String" Nullable="false" MaxLength="40" sap:label="Status Desc" sap:creatable="false" sap:updatable="false" sap:sortable="false" sap:filterable="false"/>
                <Property Name="JdocTitle" Type="Edm.String" Nullable="false" MaxLength="40" sap:label="Description" sap:creatable="false" sap:updatable="false" sap:sortable="false" sap:filterable="false"/>
                <Property Name="SiteId" Type="Edm.String" Nullable="false" MaxLength="3" sap:label="Site Id" sap:creatable="false" sap:updatable="false" sap:sortable="false" sap:filterable="false"/>
                <Property Name="TypeId" Type="Edm.String" Nullable="false" MaxLength="3" sap:label="Type Id" sap:creatable="false" sap:updatable="false" sap:sortable="false" sap:filterable="false"/>
                <Property Name="SubType" Type="Edm.String" Nullable="false" MaxLength="40" sap:label="Sub Type" sap:creatable="false" sap:updatable="false" sap:sortable="false" sap:filterable="false"/>
                <Property Name="Department" Type="Edm.String" Nullable="false" MaxLength="2" sap:label="Department Id" sap:creatable="false" sap:updatable="false" sap:sortable="false" sap:filterable="false"/>
                <Property Name="DeleteFlag" Type="Edm.Boolean" Nullable="false" sap:label="Deletion Flag" sap:creatable="false" sap:updatable="false" sap:sortable="false" sap:filterable="false"/>
                <Property Name="CorpSiteFunction" Type="Edm.String" Nullable="false" MaxLength="40" sap:label="Corporate/Site Func" sap:creatable="false" sap:updatable="false" sap:sortable="false" sap:filterable="false"/>
                <Property Name="AuthorId" Type="Edm.String" Nullable="false" MaxLength="12" sap:label="Author Id" sap:creatable="false" sap:updatable="false" sap:sortable="false" sap:filterable="false"/>
                <Property Name="OwnerId" Type="Edm.String" Nullable="false" MaxLength="12" sap:label="Owner Id" sap:creatable="false" sap:updatable="false" sap:sortable="false" sap:filterable="false"/>
                <Property Name="PendingUser" Type="Edm.String" Nullable="false" MaxLength="12" sap:label="Author Id" sap:creatable="false" sap:updatable="false" sap:sortable="false" sap:filterable="false"/>
                <Property Name="PreviousNumber" Type="Edm.String" Nullable="false" MaxLength="78" sap:label="Previous Number" sap:creatable="false" sap:updatable="false" sap:sortable="false" sap:filterable="false"/>
                <Property Name="PublishToPdf" Type="Edm.Boolean" Nullable="false" sap:label="Publish to PDF" sap:creatable="false" sap:updatable="false" sap:sortable="false" sap:filterable="false"/>
                <Property Name="Customer" Type="Edm.String" Nullable="false" MaxLength="40" sap:label="Customer" sap:creatable="false" sap:updatable="false" sap:sortable="false" sap:filterable="false"/>
                <Property Name="ConfidentialFlag" Type="Edm.Boolean" Nullable="false" sap:label="Publish to PDF" sap:creatable="false" sap:updatable="false" sap:sortable="false" sap:filterable="false"/>
                <Property Name="QmsCoreProc" Type="Edm.String" Nullable="false" MaxLength="3" sap:label="Yes/No" sap:creatable="false" sap:updatable="false" sap:sortable="false" sap:filterable="false"/>
                <Property Name="QmsFirstLevel" Type="Edm.String" Nullable="false" MaxLength="60" sap:label="JDoc - QMS First Level" sap:creatable="false" sap:updatable="false" sap:sortable="false" sap:filterable="false"/>
                <Property Name="QmsSecondLevel" Type="Edm.String" Nullable="false" MaxLength="60" sap:label="JDoc - QMS Second Level" sap:creatable="false" sap:updatable="false" sap:sortable="false" sap:filterable="false"/>
                <Property Name="Workcell" Type="Edm.String" Nullable="false" MaxLength="30" sap:label="JDoc - Workcell" sap:creatable="false" sap:updatable="false" sap:sortable="false" sap:filterable="false"/>
                <Property Name="ChangeDescription" Type="Edm.String" Nullable="false" MaxLength="255" sap:label="Change Description" sap:creatable="false" sap:updatable="false" sap:sortable="false" sap:filterable="false"/>
                <Property Name="ExtDocNo" Type="Edm.String" Nullable="false" MaxLength="78" sap:label="Ext Doc No" sap:creatable="false" sap:updatable="false" sap:sortable="false" sap:filterable="false"/>
                <Property Name="ExtDocRev" Type="Edm.String" Nullable="false" MaxLength="2" sap:label="Ext Doc Revision" sap:creatable="false" sap:updatable="false" sap:sortable="false" sap:filterable="false"/>
                <Property Name="CreatedDate" Type="Edm.DateTime" Nullable="false" Precision="7" sap:label="Created Date" sap:creatable="false" sap:updatable="false" sap:sortable="false" sap:filterable="false"/>
                <Property Name="NextReviewDate" Type="Edm.DateTime" Nullable="false" Precision="7" sap:label="Next Review Date" sap:creatable="false" sap:updatable="false" sap:sortable="false" sap:filterable="false"/>
                <Property Name="ReleaseDate" Type="Edm.DateTime" Nullable="false" Precision="7" sap:label="Release Date" sap:creatable="false" sap:updatable="false" sap:sortable="false" sap:filterable="false"/>
                <Property Name="EffectiveDate" Type="Edm.DateTime" Nullable="false" Precision="7" sap:label="Effective Date" sap:creatable="false" sap:updatable="false" sap:sortable="false" sap:filterable="false"/>
                <Property Name="ExpirationDate" Type="Edm.DateTime" Nullable="false" Precision="7" sap:label="Expiration Date" sap:creatable="false" sap:updatable="false" sap:sortable="false" sap:filterable="false"/>
                <Property Name="Field01" Type="Edm.String" Nullable="false" MaxLength="40" sap:label="Field Values" sap:creatable="false" sap:updatable="false" sap:sortable="false" sap:filterable="false"/>
                <Property Name="Field02" Type="Edm.String" Nullable="false" MaxLength="40" sap:label="Field Values" sap:creatable="false" sap:updatable="false" sap:sortable="false" sap:filterable="false"/>
                <Property Name="Field03" Type="Edm.String" Nullable="false" MaxLength="40" sap:label="Field Values" sap:creatable="false" sap:updatable="false" sap:sortable="false" sap:filterable="false"/>
                <Property Name="Field04" Type="Edm.String" Nullable="false" MaxLength="40" sap:label="Field Values" sap:creatable="false" sap:updatable="false" sap:sortable="false" sap:filterable="false"/>
                <Property Name="Field05" Type="Edm.String" Nullable="false" MaxLength="40" sap:label="Field Values" sap:creatable="false" sap:updatable="false" sap:sortable="false" sap:filterable="false"/>
                <Property Name="Field06" Type="Edm.String" Nullable="false" MaxLength="40" sap:label="Field Values" sap:creatable="false" sap:updatable="false" sap:sortable="false" sap:filterable="false"/>
                <Property Name="Field07" Type="Edm.String" Nullable="false" MaxLength="40" sap:label="Field Values" sap:creatable="false" sap:updatable="false" sap:sortable="false" sap:filterable="false"/>
                <Property Name="Field08" Type="Edm.String" Nullable="false" MaxLength="40" sap:label="Field Values" sap:creatable="false" sap:updatable="false" sap:sortable="false" sap:filterable="false"/>
                <Property Name="Field09" Type="Edm.String" Nullable="false" MaxLength="40" sap:label="Field Values" sap:creatable="false" sap:updatable="false" sap:sortable="false" sap:filterable="false"/>
                <Property Name="Field10" Type="Edm.String" Nullable="false" MaxLength="40" sap:label="Field Values" sap:creatable="false" sap:updatable="false" sap:sortable="false" sap:filterable="false"/>
                <Property Name="MainFile" Type="Edm.String" Nullable="false" MaxLength="200" sap:label="JDoc - Original File Name" sap:creatable="false" sap:updatable="false" sap:sortable="false" sap:filterable="false"/>
            </EntityType>
            <Association Name="NavToSiteMasterList" sap:content-version="1">
                <End Type="ZOD_PLM_JDOC_360_SRV.SiteMasterList" Multiplicity="1" Role="FromRole_NavToSiteMasterList"/>
                <End Type="ZOD_PLM_JDOC_360_SRV.SiteList" Multiplicity="*" Role="ToRole_NavToSiteMasterList"/>
            </Association>
            <Association Name="NavToPendingUser" sap:content-version="1">
                <End Type="ZOD_PLM_JDOC_360_SRV.JdocCharts" Multiplicity="1" Role="FromRole_NavToPendingUser"/>
                <End Type="ZOD_PLM_JDOC_360_SRV.PendingUserList" Multiplicity="*" Role="ToRole_NavToPendingUser"/>
            </Association>
            <Association Name="NavToAuthor" sap:content-version="1">
                <End Type="ZOD_PLM_JDOC_360_SRV.JdocCharts" Multiplicity="1" Role="FromRole_NavToAuthor"/>
                <End Type="ZOD_PLM_JDOC_360_SRV.AuthorList" Multiplicity="*" Role="ToRole_NavToAuthor"/>
            </Association>
            <Association Name="NavToOwner" sap:content-version="1">
                <End Type="ZOD_PLM_JDOC_360_SRV.JdocCharts" Multiplicity="1" Role="FromRole_NavToOwner"/>
                <End Type="ZOD_PLM_JDOC_360_SRV.OwnerList" Multiplicity="*" Role="ToRole_NavToOwner"/>
            </Association>
            <Association Name="NavToCustomer" sap:content-version="1">
                <End Type="ZOD_PLM_JDOC_360_SRV.JdocCharts" Multiplicity="1" Role="FromRole_NavToCustomer"/>
                <End Type="ZOD_PLM_JDOC_360_SRV.CustomerList" Multiplicity="*" Role="ToRole_NavToCustomer"/>
            </Association>
            <Association Name="NavToDepartment" sap:content-version="1">
                <End Type="ZOD_PLM_JDOC_360_SRV.JdocCharts" Multiplicity="1" Role="FromRole_NavToDepartment"/>
                <End Type="ZOD_PLM_JDOC_360_SRV.DepartmentList" Multiplicity="*" Role="ToRole_NavToDepartment"/>
            </Association>
            <Association Name="NavToDocType" sap:content-version="1">
                <End Type="ZOD_PLM_JDOC_360_SRV.JdocCharts" Multiplicity="1" Role="FromRole_NavToDocType"/>
                <End Type="ZOD_PLM_JDOC_360_SRV.DocumentTypeList" Multiplicity="*" Role="ToRole_NavToDocType"/>
            </Association>
            <Association Name="NavToSite" sap:content-version="1">
                <End Type="ZOD_PLM_JDOC_360_SRV.JdocCharts" Multiplicity="1" Role="FromRole_NavToSite"/>
                <End Type="ZOD_PLM_JDOC_360_SRV.SiteList" Multiplicity="*" Role="ToRole_NavToSite"/>
                <ReferentialConstraint>
                    <Principal Role="FromRole_NavToSite">
                        <PropertyRef Name="SiteId"/>
                    </Principal>
                    <Dependent Role="ToRole_NavToSite">
                        <PropertyRef Name="SiteId"/>
                    </Dependent>
                </ReferentialConstraint>
            </Association>
            <Association Name="NavToInProChart" sap:content-version="1">
                <End Type="ZOD_PLM_JDOC_360_SRV.JdocCharts" Multiplicity="1" Role="FromRole_NavToInProChart"/>
                <End Type="ZOD_PLM_JDOC_360_SRV.DocInProcessChart" Multiplicity="*" Role="ToRole_NavToInProChart"/>
                <ReferentialConstraint>
                    <Principal Role="FromRole_NavToInProChart">
                        <PropertyRef Name="SiteId"/>
                    </Principal>
                    <Dependent Role="ToRole_NavToInProChart">
                        <PropertyRef Name="SiteId"/>
                    </Dependent>
                </ReferentialConstraint>
            </Association>
            <Association Name="NavToDocStatusChart" sap:content-version="1">
                <End Type="ZOD_PLM_JDOC_360_SRV.JdocCharts" Multiplicity="1" Role="FromRole_NavToDocStatusChart"/>
                <End Type="ZOD_PLM_JDOC_360_SRV.DocStatusChart" Multiplicity="*" Role="ToRole_NavToDocStatusChart"/>
                <ReferentialConstraint>
                    <Principal Role="FromRole_NavToDocStatusChart">
                        <PropertyRef Name="SiteId"/>
                    </Principal>
                    <Dependent Role="ToRole_NavToDocStatusChart">
                        <PropertyRef Name="SiteId"/>
                    </Dependent>
                </ReferentialConstraint>
            </Association>
            <Association Name="NavToDocTypeChart" sap:content-version="1">
                <End Type="ZOD_PLM_JDOC_360_SRV.JdocCharts" Multiplicity="1" Role="FromRole_NavToDocTypeChart"/>
                <End Type="ZOD_PLM_JDOC_360_SRV.DocTypeChart" Multiplicity="*" Role="ToRole_NavToDocTypeChart"/>
                <ReferentialConstraint>
                    <Principal Role="FromRole_NavToDocTypeChart">
                        <PropertyRef Name="SiteId"/>
                    </Principal>
                    <Dependent Role="ToRole_NavToDocTypeChart">
                        <PropertyRef Name="SiteId"/>
                    </Dependent>
                </ReferentialConstraint>
            </Association>
            <Association Name="NavToDocPerChart" sap:content-version="1">
                <End Type="ZOD_PLM_JDOC_360_SRV.JdocCharts" Multiplicity="1" Role="FromRole_NavToDocPerChart"/>
                <End Type="ZOD_PLM_JDOC_360_SRV.DocPerRevChart" Multiplicity="*" Role="ToRole_NavToDocPerChart"/>
                <ReferentialConstraint>
                    <Principal Role="FromRole_NavToDocPerChart">
                        <PropertyRef Name="SiteId"/>
                    </Principal>
                    <Dependent Role="ToRole_NavToDocPerChart">
                        <PropertyRef Name="SiteId"/>
                    </Dependent>
                </ReferentialConstraint>
            </Association>
            <Association Name="NavToSiteJdocsList" sap:content-version="1">
                <End Type="ZOD_PLM_JDOC_360_SRV.SiteList" Multiplicity="1" Role="FromRole_NavToSiteJdocsList"/>
                <End Type="ZOD_PLM_JDOC_360_SRV.JdocsList" Multiplicity="*" Role="ToRole_NavToSiteJdocsList"/>
            </Association>
            <Association Name="NavToSiteList" sap:content-version="1">
                <End Type="ZOD_PLM_JDOC_360_SRV.SiteList" Multiplicity="1" Role="FromRole_NavToSiteList"/>
                <End Type="ZOD_PLM_JDOC_360_SRV.JdocsSiteList" Multiplicity="*" Role="ToRole_NavToSiteList"/>
                <ReferentialConstraint>
                    <Principal Role="FromRole_NavToSiteList">
                        <PropertyRef Name="SiteId"/>
                    </Principal>
                    <Dependent Role="ToRole_NavToSiteList">
                        <PropertyRef Name="SiteId"/>
                    </Dependent>
                </ReferentialConstraint>
            </Association>
            <EntityContainer Name="ZOD_PLM_JDOC_360_SRV_Entities" m:IsDefaultEntityContainer="true" sap:supported-formats="atom json xlsx">
                <EntitySet Name="SiteListSet" EntityType="ZOD_PLM_JDOC_360_SRV.SiteList" sap:creatable="false" sap:updatable="false" sap:deletable="false" sap:pageable="false" sap:content-version="1"/>
                <EntitySet Name="SiteMasterListSet" EntityType="ZOD_PLM_JDOC_360_SRV.SiteMasterList" sap:creatable="false" sap:updatable="false" sap:deletable="false" sap:pageable="false" sap:content-version="1"/>
                <EntitySet Name="JdocsListSet" EntityType="ZOD_PLM_JDOC_360_SRV.JdocsList" sap:creatable="false" sap:updatable="false" sap:deletable="false" sap:pageable="false" sap:content-version="1"/>
                <EntitySet Name="JdocsSiteListSet" EntityType="ZOD_PLM_JDOC_360_SRV.JdocsSiteList" sap:creatable="false" sap:updatable="false" sap:deletable="false" sap:pageable="false" sap:content-version="1"/>
                <EntitySet Name="JdocChartsSet" EntityType="ZOD_PLM_JDOC_360_SRV.JdocCharts" sap:creatable="false" sap:updatable="false" sap:deletable="false" sap:pageable="false" sap:addressable="false" sap:content-version="1"/>
                <EntitySet Name="PendingUserListSet" EntityType="ZOD_PLM_JDOC_360_SRV.PendingUserList" sap:creatable="false" sap:updatable="false" sap:deletable="false" sap:pageable="false" sap:content-version="1"/>
                <EntitySet Name="AuthorListSet" EntityType="ZOD_PLM_JDOC_360_SRV.AuthorList" sap:creatable="false" sap:updatable="false" sap:deletable="false" sap:pageable="false" sap:content-version="1"/>
                <EntitySet Name="OwnerListSet" EntityType="ZOD_PLM_JDOC_360_SRV.OwnerList" sap:creatable="false" sap:updatable="false" sap:deletable="false" sap:pageable="false" sap:content-version="1"/>
                <EntitySet Name="DocumentTypeListSet" EntityType="ZOD_PLM_JDOC_360_SRV.DocumentTypeList" sap:creatable="false" sap:updatable="false" sap:deletable="false" sap:pageable="false" sap:content-version="1"/>
                <EntitySet Name="DepartmentListSet" EntityType="ZOD_PLM_JDOC_360_SRV.DepartmentList" sap:creatable="false" sap:updatable="false" sap:deletable="false" sap:pageable="false" sap:content-version="1"/>
                <EntitySet Name="CustomerListSet" EntityType="ZOD_PLM_JDOC_360_SRV.CustomerList" sap:creatable="false" sap:updatable="false" sap:deletable="false" sap:pageable="false" sap:content-version="1"/>
                <EntitySet Name="DocInProcessChartSet" EntityType="ZOD_PLM_JDOC_360_SRV.DocInProcessChart" sap:creatable="false" sap:updatable="false" sap:deletable="false" sap:pageable="false" sap:content-version="1"/>
                <EntitySet Name="DocStatusChartSet" EntityType="ZOD_PLM_JDOC_360_SRV.DocStatusChart" sap:creatable="false" sap:updatable="false" sap:deletable="false" sap:pageable="false" sap:content-version="1"/>
                <EntitySet Name="DocTypeChartSet" EntityType="ZOD_PLM_JDOC_360_SRV.DocTypeChart" sap:creatable="false" sap:updatable="false" sap:deletable="false" sap:pageable="false" sap:content-version="1"/>
                <EntitySet Name="DocPerRevChartSet" EntityType="ZOD_PLM_JDOC_360_SRV.DocPerRevChart" sap:creatable="false" sap:updatable="false" sap:deletable="false" sap:pageable="false" sap:content-version="1"/>
                <AssociationSet Name="NavToDocPerChartSet" Association="ZOD_PLM_JDOC_360_SRV.NavToDocPerChart" sap:creatable="false" sap:updatable="false" sap:deletable="false" sap:content-version="1">
                    <End EntitySet="JdocChartsSet" Role="FromRole_NavToDocPerChart"/>
                    <End EntitySet="DocPerRevChartSet" Role="ToRole_NavToDocPerChart"/>
                </AssociationSet>
                <AssociationSet Name="NavToCustomerSet" Association="ZOD_PLM_JDOC_360_SRV.NavToCustomer" sap:creatable="false" sap:updatable="false" sap:deletable="false" sap:content-version="1">
                    <End EntitySet="JdocChartsSet" Role="FromRole_NavToCustomer"/>
                    <End EntitySet="CustomerListSet" Role="ToRole_NavToCustomer"/>
                </AssociationSet>
                <AssociationSet Name="NavToSiteMasterListSet" Association="ZOD_PLM_JDOC_360_SRV.NavToSiteMasterList" sap:creatable="false" sap:updatable="false" sap:deletable="false" sap:content-version="1">
                    <End EntitySet="SiteMasterListSet" Role="FromRole_NavToSiteMasterList"/>
                    <End EntitySet="SiteListSet" Role="ToRole_NavToSiteMasterList"/>
                </AssociationSet>
                <AssociationSet Name="NavToOwnerSet" Association="ZOD_PLM_JDOC_360_SRV.NavToOwner" sap:creatable="false" sap:updatable="false" sap:deletable="false" sap:content-version="1">
                    <End EntitySet="JdocChartsSet" Role="FromRole_NavToOwner"/>
                    <End EntitySet="OwnerListSet" Role="ToRole_NavToOwner"/>
                </AssociationSet>
                <AssociationSet Name="NavToDocTypeChartSet" Association="ZOD_PLM_JDOC_360_SRV.NavToDocTypeChart" sap:creatable="false" sap:updatable="false" sap:deletable="false" sap:content-version="1">
                    <End EntitySet="JdocChartsSet" Role="FromRole_NavToDocTypeChart"/>
                    <End EntitySet="DocTypeChartSet" Role="ToRole_NavToDocTypeChart"/>
                </AssociationSet>
                <AssociationSet Name="NavToDocStatusChartSet" Association="ZOD_PLM_JDOC_360_SRV.NavToDocStatusChart" sap:creatable="false" sap:updatable="false" sap:deletable="false" sap:content-version="1">
                    <End EntitySet="JdocChartsSet" Role="FromRole_NavToDocStatusChart"/>
                    <End EntitySet="DocStatusChartSet" Role="ToRole_NavToDocStatusChart"/>
                </AssociationSet>
                <AssociationSet Name="NavToSiteJdocsListSet" Association="ZOD_PLM_JDOC_360_SRV.NavToSiteJdocsList" sap:creatable="false" sap:updatable="false" sap:deletable="false" sap:content-version="1">
                    <End EntitySet="SiteListSet" Role="FromRole_NavToSiteJdocsList"/>
                    <End EntitySet="JdocsListSet" Role="ToRole_NavToSiteJdocsList"/>
                </AssociationSet>
                <AssociationSet Name="NavToDocTypeSet" Association="ZOD_PLM_JDOC_360_SRV.NavToDocType" sap:creatable="false" sap:updatable="false" sap:deletable="false" sap:content-version="1">
                    <End EntitySet="JdocChartsSet" Role="FromRole_NavToDocType"/>
                    <End EntitySet="DocumentTypeListSet" Role="ToRole_NavToDocType"/>
                </AssociationSet>
                <AssociationSet Name="NavToDepartmentSet" Association="ZOD_PLM_JDOC_360_SRV.NavToDepartment" sap:creatable="false" sap:updatable="false" sap:deletable="false" sap:content-version="1">
                    <End EntitySet="JdocChartsSet" Role="FromRole_NavToDepartment"/>
                    <End EntitySet="DepartmentListSet" Role="ToRole_NavToDepartment"/>
                </AssociationSet>
                <AssociationSet Name="NavToAuthorSet" Association="ZOD_PLM_JDOC_360_SRV.NavToAuthor" sap:creatable="false" sap:updatable="false" sap:deletable="false" sap:content-version="1">
                    <End EntitySet="JdocChartsSet" Role="FromRole_NavToAuthor"/>
                    <End EntitySet="AuthorListSet" Role="ToRole_NavToAuthor"/>
                </AssociationSet>
                <AssociationSet Name="NavToInProChartSet" Association="ZOD_PLM_JDOC_360_SRV.NavToInProChart" sap:creatable="false" sap:updatable="false" sap:deletable="false" sap:content-version="1">
                    <End EntitySet="JdocChartsSet" Role="FromRole_NavToInProChart"/>
                    <End EntitySet="DocInProcessChartSet" Role="ToRole_NavToInProChart"/>
                </AssociationSet>
                <AssociationSet Name="NavToPendingUserSet" Association="ZOD_PLM_JDOC_360_SRV.NavToPendingUser" sap:creatable="false" sap:updatable="false" sap:deletable="false" sap:content-version="1">
                    <End EntitySet="JdocChartsSet" Role="FromRole_NavToPendingUser"/>
                    <End EntitySet="PendingUserListSet" Role="ToRole_NavToPendingUser"/>
                </AssociationSet>
                <AssociationSet Name="NavToSiteSet" Association="ZOD_PLM_JDOC_360_SRV.NavToSite" sap:creatable="false" sap:updatable="false" sap:deletable="false" sap:content-version="1">
                    <End EntitySet="JdocChartsSet" Role="FromRole_NavToSite"/>
                    <End EntitySet="SiteListSet" Role="ToRole_NavToSite"/>
                </AssociationSet>
                <AssociationSet Name="NavToSiteListSet" Association="ZOD_PLM_JDOC_360_SRV.NavToSiteList" sap:creatable="false" sap:updatable="false" sap:deletable="false" sap:content-version="1">
                    <End EntitySet="SiteListSet" Role="FromRole_NavToSiteList"/>
                    <End EntitySet="JdocsSiteListSet" Role="ToRole_NavToSiteList"/>
                </AssociationSet>
            </EntityContainer>
            <atom:link
                xmlns:atom="http://www.w3.org/2005/Atom" rel="self" href="http://sapgw-dev.jabil.com/sap/opu/odata/sap/ZOD_PLM_JDOC_360_SRV/$metadata"/>
                <atom:link
                    xmlns:atom="http://www.w3.org/2005/Atom" rel="latest-version" href="http://sapgw-dev.jabil.com/sap/opu/odata/sap/ZOD_PLM_JDOC_360_SRV/$metadata"/>
                </Schema>
            </edmx:DataServices>
        </edmx:Edmx>