<core:FragmentDefinition xmlns="sap.m" xmlns:core="sap.ui.core" xmlns:l="sap.ui.layout" xmlns:fb="sap.ui.comp.filterbar">
	<Dialog draggable="true" contentHeight="450px" contentWidth="700px" afterClose="cancelAddLocation" title="Add Approvers">
		<customHeader>
			<Bar class="headerBackgroundDialog">
				<contentMiddle>
					<Title text="Select User"></Title>
				</contentMiddle>
			</Bar>
		</customHeader>
		<fb:FilterBar reset="onReset" search="searchCollaborator" showRestoreButton="true" showClearButton="true">
			<fb:filterItems>
				<fb:FilterItem name="A" label="User ID">
					<fb:control>
						<Input id="collaboratorId"/>
					</fb:control>
				</fb:FilterItem>
				<fb:FilterItem name="B" label="First Name">
					<fb:control>
						<Input id="collaboratorFirstName"/>
					</fb:control>
				</fb:FilterItem>
				<fb:FilterItem name="C" label="Last Name">
					<fb:control>
						<Input id="collaboratorLastName"/>
					</fb:control>
				</fb:FilterItem>
			</fb:filterItems>
		</fb:FilterBar>
		<Table inset="false" growing="true" growingScrollToLoad="true" id="collaboratorListTable" class="sapUiSizeCompact"
			items="{path: 'collaboratorList>/results'}" itemPress="true">
			<columns>
				<Column minScreenWidth="Tablet" demandPopin="true" hAlign="Left">
					<Text text="User ID"/>
				</Column>
				<Column minScreenWidth="Tablet" demandPopin="true" hAlign="Left">
					<Text text="First Name"/>
				</Column>
				<Column minScreenWidth="Tablet" demandPopin="true" hAlign="Left">
					<Text text="Last Name"/>
				</Column>
			</columns>
			<items>
				<ColumnListItem  press="onCollaboratorSelect" type="Active">
					<cells>
						<Text text="{collaboratorList>Bname}"/>
						<Text text="{collaboratorList>McNamefir}"/>
						<Text text="{collaboratorList>McNamelas}"/>
					</cells>
				</ColumnListItem>
			</items>
		</Table>
		<buttons>
			<!--<Button icon="sap-icon://accept" text="Select Approvers" type="Accept" press="addSelectedApprovers"/>-->
			<Button  text="Close" type="Reject" press="cancelAddCollaborator"/>
		</buttons>
	</Dialog>
</core:FragmentDefinition>