<core:FragmentDefinition xmlns:f="sap.f" xmlns:html="http://www.w3.org/1999/xhtml" xmlns:mvc="sap.ui.core.mvc" displayBlock="true"
	xmlns="sap.m" xmlns:smartTable="sap.ui.comp.smarttable" xmlns:smartFilter="sap.ui.comp.smartfilterbar" xmlns:core="sap.ui.core"
	xmlns:smartField="sap.ui.comp.smartfield" xmlns:table="sap.ui.table">
	<Dialog resizable="true" draggable="true" contentHeight="520px" contentWidth="1100px" afterClose="cancelControlledCopiesReport"
		title="Controlled Copies Report">
		<App>
			<pages>
				<f:DynamicPage id="dynamicPageIdControlledCopies" showFooter="false">
					<f:header>
						<f:DynamicPageHeader pinnable="false">
							<f:content>
								<smartFilter:SmartFilterBar id="smartFilterBarControlledCopiesReport" class="sapUiSizeCompact" entityType="ControlledCopiesReport"
									persistencyKey="SmartFilterBarPKey" beforeVariantSave="onBeforeVariantSaveControlledCopies"
									afterVariantLoad="onAfterVariantLoadControlledCopies" showClearButton="true" clear="onClear" search="onSearch">
									<smartFilter:controlConfiguration>
										<smartFilter:ControlConfiguration key="SiteId" groupId="_BASIC" index="1" controlType="auto" visible="true"
											preventInitialDataFetchInValueHelpDialog="false" visibleInAdvancedArea="false">
											<smartFilter:customControl>
												<Select id="siteIdDropdownControlledCopies" class="siteIdTokens" items="{ path: 'siteModel>/results', templateShareable:false}"
													change="onSiteChangeMasterList">
													<core:Item key="{siteModel>SiteId}" text="{path:'siteModel>SiteId'}"/>
												</Select>
											</smartFilter:customControl>
										</smartFilter:ControlConfiguration>
										<smartFilter:ControlConfiguration key="JdocNumber" groupId="_BASIC" index="2" controlType="auto" visible="true"
											preventInitialDataFetchInValueHelpDialog="false" visibleInAdvancedArea="false">
											<!--<core:Item key="{siteModel>SiteId}" text="{path:'siteModel>SiteId'}"/>-->
											<!--<smartFilter:customControl>
												<MultiInput id="docsControlledCopies" valueHelpOnly="true" valueHelpRequest="onDocsControlledCopies">
													
												</MultiInput>
											</smartFilter:customControl>-->
										</smartFilter:ControlConfiguration>
										<!--	<smartFilter:ControlConfiguration key="JdocRevision" groupId="_BASIC" index="3" controlType="auto" hasValueHelpDialog="false" visible="true"
											preventInitialDataFetchInValueHelpDialog="false" visibleInAdvancedArea="false"></smartFilter:ControlConfiguration>-->
										<!--<smartFilter:ControlConfiguration key="JdocRevision" groupId="_BASIC" index="3" controlType="auto" visible="true"
						preventInitialDataFetchInValueHelpDialog="false" visibleInAdvancedArea="false" mandatory="mandatory"></smartFilter:ControlConfiguration>-->
										<!--<smartFilter:ControlConfiguration key="EffectiveDate" groupId="_ADVANCED" controlType="date"
											preventInitialDataFetchInValueHelpDialog="false" visibleInAdvancedArea="false"></smartFilter:ControlConfiguration>-->
											
											<!--MTest-JDoc360-App-Issue#61 -->
													
										<smartFilter:ControlConfiguration key="CreatedDate" 
															groupId="_ADVANCED" 
															controlType="date" 
															visible="true"
															preventInitialDataFetchInValueHelpDialog="false" 
															visibleInAdvancedArea="false" 
															hasValueHelpDialog="false"/>
															
										<smartFilter:ControlConfiguration key="ExpirationDate" groupId="_ADVANCED" controlType="date" hasValueHelpDialog="false"
											preventInitialDataFetchInValueHelpDialog="false" visibleInAdvancedArea="false"/>
										<smartFilter:ControlConfiguration key="ReleaseDate" groupId="_ADVANCED" controlType="date" hasValueHelpDialog="false"
											preventInitialDataFetchInValueHelpDialog="false" visibleInAdvancedArea="false"/>
									</smartFilter:controlConfiguration>
								</smartFilter:SmartFilterBar>
							</f:content>
						</f:DynamicPageHeader>
					</f:header>
					<f:content>
						<!-- From the below smart table this is removed property: ignoredFields="AuthorId,OwnerId" -->
						<smartTable:SmartTable id="smartTableControlledCopiesReport" class="sapUiSizeCompact" smartFilterId="smartFilterBarControlledCopiesReport"
							entitySet="ControlledCopiesReportSet" tableType="Table" useExportToExcel="true" persistencyKey="SmartFilterBarPKey"
							showVariantManagement="false" dataReceived="controlledCopiesRecievedData" useVariantManagement="false" useTablePersonalisation="true"
							header="Items" showRowCount="true" enableAutoBinding="true" 
							beforeRebindTable="onBeforeRebindTableControlCopies" demandPopin="false">
							<table:Table id="responsiveTableControlledCopiesReport" visibleRowCountMode="Auto" selectionMode="Single"
								class="sapUiSizeCompact">
								<table:columns>
									<table:Column hAlign="Left" width="160px" sortProperty="JdocTitle" filterProperty="JdocTitle">
										<table:customData>
											<core:CustomData key="p13nData"
												value='\{"columnKey": "JdocTitle","sortProperty": "JdocTitle", "filterProperty": "JdocTitle","columnIndex":"0", "leadingProperty": "JdocTitle"}'/>
										</table:customData>
										<Text text="Title"/>
										<table:template>
											<Text text="{JdocTitle}" tooltip="{JdocTitle}" class="dataWrap"/>
										</table:template>
									</table:Column>
									<table:Column hAlign="Left" width="160px" sortProperty="JdocNumber" filterProperty="JdocNumber">
										<table:customData>
											<core:CustomData key="p13nData"
												value='\{"columnKey": "JdocNumber","sortProperty": "JdocNumber", "filterProperty": "JdocNumber","columnIndex":"1", "leadingProperty": "JdocNumber"}'/>
										</table:customData>
										<Text text="Document Number"/>
										<table:template>
											<Text text="{JdocNumber}" tooltip="{JdocNumber}" class="dataWrap"/>
										</table:template>
									</table:Column>
									<table:Column hAlign="Left" width="120px" sortProperty="JdocRevision" filterProperty="JdocRevision">
										<table:customData>
											<core:CustomData key="p13nData"
												value='\{"columnKey": "JdocRevision","sortProperty": "JdocRevision", "filterProperty": "JdocRevision","columnIndex":"2", "leadingProperty": "JdocRevision"}'/>
										</table:customData>
										<Text text="Rev."/>
										<table:template>
											<Text text="{JdocRevision}"/>
										</table:template>
									</table:Column>
									<table:Column hAlign="Left" width="180px" sortProperty="CopyStatus" filterProperty="CopyStatus">
										<table:customData>
											<core:CustomData key="p13nData"
												value='\{"columnKey": "CopyStatus","sortProperty": "CopyStatus", "filterProperty": "CopyStatus","columnIndex":"3", "leadingProperty": "CopyStatus"}'/>
										</table:customData>
										<Text text="Copy Status"/>
										<table:template>
											<Text text="{CopyStatus}" tooltip="{JdocStatus}" class="dataWrap"/>
										</table:template>
									</table:Column>
									<table:Column hAlign="Left" width="120px" sortProperty="NoOfCopies" filterProperty="NoOfCopies">
										<table:customData>
											<core:CustomData key="p13nData"
												value='\{"columnKey": "NoOfCopies","sortProperty": "NoOfCopies", "filterProperty": "NoOfCopies","columnIndex":"4", "leadingProperty": "NoOfCopies"}'/>
										</table:customData>
										<Text text="No Of Copies"/>
										<table:template>
											<Text text="{NoOfCopies}" tooltip="{NoOfCopies}" class="dataWrap"/>
										</table:template>
									</table:Column>
									<table:Column hAlign="Left" width="160px" sortProperty="Location" filterProperty="Location">
										<table:customData>
											<core:CustomData key="p13nData"
												value='\{"columnKey": "Location","sortProperty": "Location", "filterProperty": "Location","columnIndex":"5", "leadingProperty": "Location"}'/>
										</table:customData>
										<Text text="Location"/>
										<table:template>
											<Text text="{Location}"/>
										</table:template>
									</table:Column>
									<table:Column hAlign="Left" width="160px" sortProperty="JdocStatus" filterProperty="JdocStatus">
										<table:customData>
											<core:CustomData key="p13nData"
												value='\{"columnKey": "JdocStatus","sortProperty": "JdocStatus", "filterProperty": "JdocStatus","columnIndex":"6", "leadingProperty": "JdocStatus"}'/>
										</table:customData>
										<Text text="Doc Status"/>
										<table:template>
											<Text text="{JdocStatus}"/>
										</table:template>
									</table:Column>
									<table:Column hAlign="Left" width="120px" sortProperty="OwnerName" filterProperty="OwnerName">
										<table:customData>
											<core:CustomData key="p13nData"
												value='\{"columnKey": "OwnerName","sortProperty": "OwnerName", "filterProperty": "OwnerName","columnIndex":"7", "leadingProperty": "OwnerName"}'/>
										</table:customData>
										<Text text="Owner Name"/>
										<table:template>
											<Text text="{OwnerName}"/>
										</table:template>
									</table:Column>
									<table:Column hAlign="Left" width="120px" sortProperty="AuthorName" filterProperty="AuthorName">
										<table:customData>
											<core:CustomData key="p13nData"
												value='\{"columnKey": "AuthorName","sortProperty": "AuthorName", "columnIndex":"8", "leadingProperty": "AuthorName"}'/>
										</table:customData>
										<Text text="Author Name"/>
										<table:template>
											<Text text="{AuthorName}"/>
										</table:template>
									</table:Column>
									<table:Column hAlign="Left" width="120px" sortProperty="CreatedByName" filterProperty="CreatedByName">
										<table:customData>
											<core:CustomData key="p13nData"
												value='\{"columnKey": "CreatedByName","sortProperty": "CreatedByName", "columnIndex":"9", "leadingProperty": "CreatedByName"}'/>
										</table:customData>
										<Text text="Created By Name"/>
										<table:template>
											<Text text="{CreatedByName}"/>
										</table:template>
									</table:Column>
									<table:Column hAlign="Left" visible="false" width="175px" sortProperty="ExpirationDate" filterProperty="ExpirationDate">
										<table:customData>
											<core:CustomData key="p13nData"
												value='\{"columnKey": "ExpirationDate","type":"date","sortProperty": "ExpirationDate", "filterProperty": "ExpirationDate", "leadingProperty": "ExpirationDate"}'/>
										</table:customData>
										<Text text="Expiration Date"/>
										<table:template>
											<Text text="{path:'ExpirationDate',formatter:'.formatter.dateTime2'}"/><!-- old value formatter.dateTime--></table:template>
									</table:Column>
									<table:Column hAlign="Left" visible="false" width="175px" sortProperty="ReleaseDate" filterProperty="ReleaseDate">
										<table:customData>
											<core:CustomData key="p13nData"
												value='\{"columnKey": "ReleaseDate","type":"date","sortProperty": "ReleaseDate", "filterProperty": "ReleaseDate", "leadingProperty": "ReleaseDate"}'/>
										</table:customData>
										<Text text="Release Date"/>
										<table:template>
											<Text text="{path:'ReleaseDate',formatter:'.formatter.dateTime2'}"/><!-- old value formatter.dateTime--></table:template>
									</table:Column>
									<table:Column hAlign="Left" visible="false" width="175px" sortProperty="CreatedDate" filterProperty="CreatedDate">
										<table:customData>
											<core:CustomData key="p13nData"
												value='\{"columnKey": "CreatedDate","type":"date","sortProperty": "CreatedDate", "filterProperty": "CreatedDate", "leadingProperty": "CreatedDate"}'/>
										</table:customData>
										<Text text="Created Date"/>
										<table:template>
											<Text text="{path:'CreatedDate',formatter:'.formatter.dateTime2'}"/>
											<!-- old value formatter.dateTime-->
										</table:template>
									</table:Column>
								</table:columns>
							</table:Table>
						</smartTable:SmartTable>
					</f:content>
				</f:DynamicPage>
			</pages>
		</App>
		<buttons>
			<Button text="Cancel" type="Reject" press="cancelControlledCopiesReport"/>
		</buttons>
	</Dialog>
</core:FragmentDefinition>