<core:FragmentDefinition xmlns:html="http://www.w3.org/1999/xhtml" xmlns:mvc="sap.ui.core.mvc" displayBlock="true" xmlns="sap.m"
	xmlns:smartTable="sap.ui.comp.smarttable" xmlns:smartFilter="sap.ui.comp.smartfilterbar" xmlns:core="sap.ui.core"
	xmlns:smartField="sap.ui.comp.smartfield">
	<Dialog draggable="true" contentHeight="520px" contentWidth="1100px" afterClose="cancelAddLocation" title="Material Master Search">
		<VBox>
			<smartFilter:SmartFilterBar id="smartFilterBar" class="sapUiSizeCompact" entityType="JdocsList" persistencyKey="SmartFilterBarPKey">
				<smartFilter:controlConfiguration>
					<smartFilter:ControlConfiguration key="JdocNumber" groupId="_BASIC" index="0" controlType="auto" visible="true"
						preventInitialDataFetchInValueHelpDialog="false" visibleInAdvancedArea="false" hasValueHelpDialog="false">
						<!--	<smartFilter:defaultFilterValues>
										<smartFilter:SelectOption low="111"></smartFilter:SelectOption>
									</smartFilter:defaultFilterValues>-->
					</smartFilter:ControlConfiguration>
					<smartFilter:ControlConfiguration key="JdocRevision" groupId="_BASIC" index="1" controlType="auto" visible="true" hasValueHelpDialog="false"
						preventInitialDataFetchInValueHelpDialog="false" visibleInAdvancedArea="false">
						<!--<smartFilter:defaultFilterValues>
										<smartFilter:SelectOption low="000"></smartFilter:SelectOption>
									</smartFilter:defaultFilterValues>-->
					</smartFilter:ControlConfiguration>
					<!--<smartFilter:ControlConfiguration key="JdocRevision" groupId="_BASIC" index="1" controlType="auto" visible="true" hasValueHelpDialog="false"
									preventInitialDataFetchInValueHelpDialog="false" visibleInAdvancedArea="true">-->
					<!--	<smartFilter:customControl>
										<smartField:SmartField value="{SiteId}" id="idCategory"></smartField:SmartField>
									</smartFilter:customControl>-->
					<!--</smartFilter:ControlConfiguration>-->
					<smartFilter:ControlConfiguration key="Title" groupId="_BASIC" index="2" controlType="auto" visible="true"
						preventInitialDataFetchInValueHelpDialog="false" visibleInAdvancedArea="false" hasValueHelpDialog="false"/>
					<smartFilter:ControlConfiguration key="TypeId" groupId="_BASIC" index="3" controlType="auto" visible="true"
						preventInitialDataFetchInValueHelpDialog="false" visibleInAdvancedArea="false" mandatory="mandatory">
						<smartFilter:defaultFilterValues>
							<smartFilter:SelectOption low="000"></smartFilter:SelectOption>
						</smartFilter:defaultFilterValues>
					</smartFilter:ControlConfiguration>
					<smartFilter:ControlConfiguration key="JdocStatus" groupId="_BASIC" index="4" controlType="auto" visible="true"
						preventInitialDataFetchInValueHelpDialog="false" visibleInAdvancedArea="false"/>
					<smartFilter:ControlConfiguration key="SiteId" groupId="_BASIC" index="5" controlType="auto" visible="true"
						preventInitialDataFetchInValueHelpDialog="false" visibleInAdvancedArea="false" mandatory="mandatory">
						<smartFilter:defaultFilterValues>
							<smartFilter:SelectOption low="111"></smartFilter:SelectOption>
						</smartFilter:defaultFilterValues>
					</smartFilter:ControlConfiguration>
				</smartFilter:controlConfiguration>
			</smartFilter:SmartFilterBar>
			<smartTable:SmartTable id="smartTable1"  class="sapUiSizeCompact" smartFilterId="smartFilterBar" entitySet="JdocsListSet"
				tableType="ResponsiveTable" useExportToExcel="true" persistencyKey="SmartFilterBarPKey" 
				showVariantManagement="true" dataReceived="controlledCopiesRecievedData" useVariantManagement="true" useTablePersonalisation="true" header="Items" showRowCount="true"
				enableAutoBinding="true" beforeRebindTable="onBeforeRebindTable" demandPopin="true" >
				<smartTable:customToolbar>
					<OverflowToolbar>
						<ToolbarSpacer/>
						<OverflowToolbarButton text="Test"/>
				 		<OverflowToolbarButton icon="sap-icon://sort" text="Sort" press="onSort"/>
						<OverflowToolbarButton icon="sap-icon://filter" text="Filter" press="onFilter"/>
						<OverflowToolbarButton icon="sap-icon://group-2" text="Group" press="onGroup"/>
						<OverflowToolbarButton icon="sap-icon://action-settings" text="Columns" press="onColumns"/>
					</OverflowToolbar>
				</smartTable:customToolbar>
				<Table id="responsiveTable" fixedLayout="false">
					<columns>
						<Column hAlign="Left">
							<customData>
								<core:CustomData key="p13nData"
									value='\{"columnKey": "SiteId","sortProperty": "SiteId", "filterProperty": "SiteId","columnIndex":"1", "leadingProperty": "SiteId"}'/>
							</customData>
							<Text text="Site Id"/>
						</Column>
							<Column hAlign="Left">
							<customData>
								<core:CustomData key="p13nData"
									value='\{"columnKey": "JdocNumber","sortProperty": "JdocNumber", "filterProperty": "JdocNumber","columnIndex":"2", "leadingProperty": "JdocNumber"}'/>
							</customData>
							<Text text="Jdoc Number"/>
						</Column>
					</columns>
					<items>
						<ColumnListItem type="Inactive" press="onItemPress" vAlign="Middle">
							<cells>
								<Text text="{JdocNumber}"/>
							</cells>
						</ColumnListItem>
					</items>
				</Table>
			</smartTable:SmartTable>
		</VBox>
	</Dialog>
</core:FragmentDefinition>