<core:FragmentDefinition xmlns="sap.m" xmlns:core="sap.ui.core" xmlns:l="sap.ui.layout">
	<Dialog draggable="true" contentHeight="520px" contentWidth="1100px" afterClose="cancelAddLocation" title="Material Master Search">
		<customHeader>
			<Bar class="headerBackgroundDialog">
				<contentMiddle>
					<Title text="Error Handling"></Title>
				</contentMiddle>
			</Bar>
		</customHeader>
		<Page showHeader="false">
			<content>
				<Panel class="sapUiSizeCompact">
					<l:Grid>
						<Text text="Selection By:">
							<layoutData>
								<l:GridData span="L1 M1 S1"/>
							</layoutData>
						</Text>
						<RadioButton text="User Name" select="onSelectUserName">
							<layoutData>
								<l:GridData span="L2 M2 S2"/>
							</layoutData>
						</RadioButton>
						<RadioButton text="Jdoc Number" select="onSelectJdocNumber">
							<layoutData>
								<l:GridData span="L2 M2 S2"/>
							</layoutData>
						</RadioButton>
					</l:Grid>
				</Panel>
				<Panel visible="false" id="panelUserName" class="sapUiSizeCompact">
					<l:Grid>
						<Label text="Site ID:">
							<layoutData>
								<l:GridData span="L2 M2 S2"/>
							</layoutData>
						</Label>
						<Select id="siteId" items="{path:'siteModel>/results'}" change="onSiteChangeErrorLog">
							<core:Item key="{siteModel>SiteId}" text="{siteModel>SiteId}"/>
							<layoutData>
								<l:GridData span="L2 M2 S2"/>
							</layoutData>
						</Select>
						<Text text=" ">
							<layoutData>
								<l:GridData span="L2 M2 S2"/>
							</layoutData>
						</Text>
						<Label text="User ID:">
							<layoutData>
								<l:GridData span="L2 M2 S12"/>
							</layoutData>
						</Label>
						<MultiInput id="userId" type="Text" suggest="handleSuggestUserId" showSuggestion="true" filterSuggests="false" maxSuggestionWidth="45rem"
							showTableSuggestionValueHelp="true" suggestionRows="{path: '/SrchHelpErrorLogUsersSet', templateShareable:false}" showValueHelp="true"
							valueHelpRequest="onValueHelpUserId" suggestionItemSelected="onUserIdSelect">
							<suggestionColumns>
								<Column hAlign="Begin" popinDisplay="Inline" demandPopin="true">
									<Label text="User Id"/>
								</Column>
								<Column hAlign="Center" popinDisplay="Inline" demandPopin="true" minScreenWidth="Tablet">
									<Label text="First Name"/>
								</Column>
								<Column hAlign="Center" popinDisplay="Inline" demandPopin="false" minScreenWidth="Tablet">
									<Label text="Last Name"/>
								</Column>
							</suggestionColumns>
							<suggestionRows>
								<ColumnListItem>
									<cells>
										<Label text="{UserId}"/>
										<Label text="{FirstName}"/>
										<Label text="{LastName}"/>
									</cells>
								</ColumnListItem>
							</suggestionRows>
							<layoutData>
								<l:GridData span="L4 M4 S4"/>
							</layoutData>
						</MultiInput>
					</l:Grid>
					<l:Grid>
						<Label text="Date Range:">
							<layoutData>
								<l:GridData span="L2 M2 S12"/>
							</layoutData>
						</Label>
						<!-- DateGap : code changed for date display -->
						<!--<DatePicker id="startDate" value="{path:'dateModel>/myDate',formatter:'.formatter.dateTime'}" valueFormat="yyyy-MM-ddTHH:mm:ss">-->
						<DatePicker id="startDate" value="{path:'dateModel>/myDate',formatter:'.formatter.dateTime2'}" 
						valueFormat="yyyy-MM-ddTHH:mm:ss" displayFormat="dd-MMM-yyyy" placeholder="DD-MON-YYYY">
							<layoutData>
								<l:GridData span="L4 M2 S12"/>
							</layoutData>
						</DatePicker>
						<Label text="to">
							<layoutData>
								<l:GridData span="L2 M2 S12"/>
							</layoutData>
						</Label>
						<!-- DateGap : code changed for date display -->
						<DatePicker id="endDate" value="{path:'dateModel>/myDate',formatter:'.formatter.dateTime2'}" 
						valueFormat="yyyy-MM-ddTHH:mm:ss" displayFormat="dd-MMM-yyyy" placeholder="DD-MON-YYYY">
							<layoutData>
								<l:GridData span="L4 M2 S12"/>
							</layoutData>
						</DatePicker>
					</l:Grid>
					<l:Grid>
						<Text text=" ">
							<layoutData>
								<l:GridData span="L5 M2 S12"/>
							</layoutData>
						</Text>
						<Button text="Search" type="Emphasized" width="100%" press="searchBasedOnUser">
							<layoutData>
								<l:GridData span="L2 M2 S12"/>
							</layoutData>
						</Button>
						<Text text=" ">
							<layoutData>
								<l:GridData span="L5 M2 S12"/>
							</layoutData>
						</Text>
					</l:Grid>
				</Panel>
				<Panel visible="false" id="panelJdocNumber" class="sapUiSizeCompact">
					<l:Grid>
						<Label text="Jdoc Number:">
							<layoutData>
								<l:GridData span="L2 M2 S12"/>
							</layoutData>
						</Label>
						<MultiInput id="jdocNumber" type="Text" suggest="handleSuggestJdocNo" showSuggestion="true" filterSuggests="false"
							maxSuggestionWidth="45rem" showTableSuggestionValueHelp="true" suggestionRows="{path: '/SrchHelpJdocNumRevSet', templateShareable:false}"
							showValueHelp="true" valueHelpRequest="onValueHelpJdocNo" suggestionItemSelected="onJdocNoSelect">
							<suggestionColumns>
								<Column hAlign="Begin" popinDisplay="Inline" demandPopin="true">
									<Label text="Document No."/>
								</Column>
								<Column hAlign="Center" popinDisplay="Inline" demandPopin="true" minScreenWidth="Tablet">
									<Label text="Doc Rev."/>
								</Column>
							</suggestionColumns>
							<suggestionRows>
								<ColumnListItem>
									<cells>
										<Label text="{JdocNumber}"/>
										<Label text="{JdocRevision}"/>
									</cells>
								</ColumnListItem>
							</suggestionRows>
							<layoutData>
								<l:GridData span="L3 M3 S3"/>
							</layoutData>
						</MultiInput>
						<!--<MultiInput id="jdocNumber" items="{path:'tabModel>/results'}">
					<core:Item key="{tabModel>JdocNumber}" text="{tabModel>JdocNumber}"/>
					<layoutData>
						<l:GridData span="L4 M2 S12"/>
					</layoutData>
				</MultiInput>-->
					</l:Grid>
					<RadioButtonGroup>
						<buttons>
							<RadioButton text="Active Revision" id="activeRevision">
								<!--<layoutData>
									<l:GridData span="L3 M3 S3"/>
								</layoutData>-->
							</RadioButton>
							<RadioButton text="All revisions in Application" id="allRevision">
								<!--<layoutData>
									<l:GridData span="L4 M4 S4"/>
								</layoutData>-->
							</RadioButton>
						</buttons>
					</RadioButtonGroup>
					<l:Grid>
						<Text text=" ">
							<layoutData>
								<l:GridData span="L5 M2 S12"/>
							</layoutData>
						</Text>
						<Button text="Search" type="Emphasized" width="100%" press="searchBasedOnJdocNumber">
							<layoutData>
								<l:GridData span="L2 M2 S12"/>
							</layoutData>
						</Button>
						<Text text=" ">
							<layoutData>
								<l:GridData span="L5 M2 S12"/>
							</layoutData>
						</Text>
					</l:Grid>
				</Panel>
				
				<Toolbar class="sapUiSizeCompact">
					<Title titleStyle="H1" text="Error Log" id="titleIdAdvanced"></Title>
				</Toolbar>
				<OverflowToolbar>
					<ToolbarSpacer />
					<Button id="idonexporterrorlog" icon="sap-icon://excel-attachment" press="onExportAdvanceSearchErrorlog"/>
				</OverflowToolbar>
				<Table id="errorLogTableHeaderAdvancedSearch" inset="false" class="sapUiSizeCompact" enableBusyIndicator="true" width="100%"
					showNoData="false">
					
					<columns>
						<Column minScreenWidth="Tablet" demandPopin="true" hAlign="Left">
							<Text text="Message Type"/>
						</Column>
						<Column minScreenWidth="Tablet" demandPopin="true" hAlign="Left">
							<Text text="Error Type"/>
						</Column>
						<Column minScreenWidth="Tablet" demandPopin="true" hAlign="Left">
							<Text text="Log No."/>
						</Column>
						<Column minScreenWidth="Tablet" demandPopin="true" width="160px" hAlign="Left">
							<Text text="JDoc Number"/>
						</Column>
						<Column minScreenWidth="Tablet" demandPopin="true" hAlign="Left">
							<Text text="JDoc Rev"/>
						</Column>
						<Column minScreenWidth="Tablet" demandPopin="true" hAlign="Left">
							<Text text="SAP DIR Number"/>
						</Column>
						<Column minScreenWidth="Tablet" demandPopin="true" hAlign="Left">
							<Text text="User"/>
						</Column>
						<Column minScreenWidth="Tablet" demandPopin="true" hAlign="Left">
							<Text text="Log Date"/>
						</Column>
						<Column minScreenWidth="Tablet" demandPopin="true" hAlign="Left">
							<Text text="Log Time"/>
						</Column>
						<Column minScreenWidth="Tablet" demandPopin="true" width="160px" hAlign="Left">
							<Text text="Message"/>
						</Column>
						<Column minScreenWidth="Tablet" demandPopin="true" hAlign="Left">
							<Text text="Site"/>
						</Column>
					</columns>
				</Table>
				
				
					
				<ScrollContainer height="21rem" width="100%" horizontal="true" vertical="true">
					<Table id="errorLogTableAdvancedSearch" inset="false" class="sapUiSizeCompact" width="100%" items="{path:'tabModel>/results'}">
						
						<columns>
							<Column minScreenWidth="Tablet" demandPopin="true" hAlign="Left"></Column>
							<Column minScreenWidth="Tablet" demandPopin="true" hAlign="Left"></Column>
							<Column minScreenWidth="Tablet" demandPopin="true" hAlign="Left"></Column>
							<Column minScreenWidth="Tablet" demandPopin="true" width="160px" hAlign="Left"></Column>
							<Column minScreenWidth="Tablet" demandPopin="true" hAlign="Left"></Column>
							<Column minScreenWidth="Tablet" demandPopin="true" hAlign="Left"></Column>
							<Column minScreenWidth="Tablet" demandPopin="true" hAlign="Left"></Column>
							<Column minScreenWidth="Tablet" demandPopin="true" hAlign="Left"></Column>
							<Column minScreenWidth="Tablet" demandPopin="true" hAlign="Left"></Column>
							<Column minScreenWidth="Tablet" demandPopin="true" width="160px" hAlign="Left"></Column>
							<Column minScreenWidth="Tablet" demandPopin="true" hAlign="Left"></Column>
						</columns>
						<items>
							<ColumnListItem >
								<cells>
									<ObjectStatus class="sapUiSmallMarginBottom" text="Error" state="Error"/>
									<Text text="{tabModel>MsgTyp}"/>
									<Text text="{tabModel>LogNo}"/>
									<Text text="{tabModel>JdocNumber}"/>
									<Text text="{tabModel>JdocRevision}"/>
									<Text text="{tabModel>DocumentNumber}"/>
									<Text text="{tabModel>UserId}"/>
									<!-- DateGap : code for date issue -->
									<Text text="{path:'tabModel>LogDate',formatter:'.formatter.dateTime2'}"/>
									<!--<Text text="{tabModel>LogDate}"/>-->
									<Text text="{tabModel>LogTime}"/>
									<Text text="{tabModel>ErrorMessage}"/>
									<Text text="{tabModel>SiteId}"/>
								</cells>
							</ColumnListItem>
						</items>
					</Table>
				</ScrollContainer>
			</content>
			<footer>
				<OverflowToolbar>
					<Button id="popoverErrorLog" icon="sap-icon://message-popup" text="{/messagesLength}" press="handleMessagePopoverPress"/>
					<ToolbarSpacer/>
					<Button text="Cancel" type="Reject" press="onCloseErrorFragment"/>
				</OverflowToolbar>
			</footer>
		</Page>
	</Dialog>
</core:FragmentDefinition>