<core:FragmentDefinition xmlns:html="http://www.w3.org/1999/xhtml" xmlns:mvc="sap.ui.core.mvc" displayBlock="true" xmlns="sap.m"
	xmlns:smartTable="sap.ui.comp.smarttable" xmlns:smartFilter="sap.ui.comp.smartfilterbar" xmlns:core="sap.ui.core"
	xmlns:smartField="sap.ui.comp.smartfield" xmlns:f="sap.f" xmlns:table="sap.ui.table">
	<Dialog draggable="true" contentHeight="520px" contentWidth="1100px" afterClose="cancelExtensionRequestReport"
		title="Extension Request Report">
		<App>
			<pages>
				<f:DynamicPage id="dynamicPageIdExtensionRequest" showFooter="false">
					<f:header>
						<f:DynamicPageHeader pinnable="false">
							<f:content>
								<smartFilter:SmartFilterBar id="smartFilterBarExtenstionRequest" class="sapUiSizeCompact" entityType="ExtensionReport"
									persistencyKey="SmartFilterBarPKey">
									<smartFilter:controlConfiguration>
										<smartFilter:ControlConfiguration key="Site" groupId="_BASIC" index="0" controlType="auto" visible="true"
											preventInitialDataFetchInValueHelpDialog="false" visibleInAdvancedArea="false" mandatory="mandatory"></smartFilter:ControlConfiguration>
										<smartFilter:ControlConfiguration key="GlobalDocNo" groupId="_BASIC" index="1" controlType="auto" visible="true"
											preventInitialDataFetchInValueHelpDialog="false" visibleInAdvancedArea="false"></smartFilter:ControlConfiguration>
									</smartFilter:controlConfiguration>
								</smartFilter:SmartFilterBar>
							</f:content>
						</f:DynamicPageHeader>
					</f:header>
					<f:content>
						<smartTable:SmartTable id="smartTableExtensionRequest" class="sapUiSizeCompact" smartFilterId="smartFilterBarExtenstionRequest"
							entitySet="ExtensionReportSet" tableType="Table" useExportToExcel="true" persistencyKey="SmartFilterBarPKey" showVariantManagement="true"
							useVariantManagement="true" useTablePersonalisation="true" header="Items" showRowCount="true" enableAutoBinding="true"
							beforeRebindTable="onBeforeRebindTable" demandPopin="false">
							<!--<smartTable:customToolbar>
								<OverflowToolbar design="Transparent">
									<ToolbarSpacer/>
									<OverflowToolbarButton text="Test"/>
									<OverflowToolbarButton icon="sap-icon://sort" text="Sort" press="onSort"/>
									<OverflowToolbarButton icon="sap-icon://filter" text="Filter" press="onFilter"/>
									<OverflowToolbarButton icon="sap-icon://group-2" text="Group" press="onGroup"/>
									<OverflowToolbarButton icon="sap-icon://action-settings" text="Columns" press="onColumns"/>
								</OverflowToolbar>
							</smartTable:customToolbar>-->
							<table:Table id="responsiveTableExtensionRequest" visibleRowCountMode="Auto" selectionMode="Single" minAutoRowCount="8"
								class="sapUiSizeCompact">
								<table:columns>
									<table:Column hAlign="Left" width="160px" sortProperty="GlobalDocTitle" filterProperty="GlobalDocTitle">
										<table:customData>
											<core:CustomData key="p13nData"
												value='\{"columnKey": "GlobalDocTitle","sortProperty": "GlobalDocTitle", "filterProperty": "GlobalDocTitle","columnIndex":"0", "leadingProperty": "GlobalDocTitle"}'/>
										</table:customData>
										<Text text="Global Doc title"/>
										<table:template>
											<Text text="{GlobalDocTitle}" tooltip="{GlobalDocTitle}" class="dataWrap"/>
										</table:template>
									</table:Column>
									<table:Column hAlign="Left" width="160px" sortProperty="GlobalDocNo" filterProperty="GlobalDocNo">
										<table:customData>
											<core:CustomData key="p13nData"
												value='\{"columnKey": "GlobalDocNo","sortProperty": "GlobalDocNo", "filterProperty": "GlobalDocNo","columnIndex":"2", "leadingProperty": "GlobalDocNo"}'/>
										</table:customData>
										<Text text="Global Doc Number"/>
										<table:template>
											<Text text="{GlobalDocNo}" tooltip="{GlobalDocNo}" class="dataWrap"/>
										</table:template>
									</table:Column>
									<table:Column hAlign="Left" width="120px" sortProperty="GlobalDocRev" filterProperty="GlobalDocRev">
										<table:customData>
											<core:CustomData key="p13nData"
												value='\{"columnKey": "GlobalDocRev","sortProperty": "GlobalDocRev", "filterProperty": "GlobalDocRev","columnIndex":"3", "leadingProperty": "GlobalDocRev"}'/>
										</table:customData>
										<Text text="Global Doc Rev."/>
										<table:template>
											<Text text="{GlobalDocRev}"/>
										</table:template>
									</table:Column>
									<table:Column hAlign="Left" width="180px" sortProperty="DocReleaseDate" filterProperty="DocReleaseDate">
										<table:customData>
											<core:CustomData key="p13nData"
												value='\{"columnKey": "DocReleaseDate","sortProperty": "DocReleaseDate", "filterProperty": "DocReleaseDate","columnIndex":"5", "leadingProperty": "DocReleaseDate"}'/>
										</table:customData>
										<Text text="Document Release Date"/>
										<table:template>
											<Text text="{DocReleaseDate}" tooltip="{DocReleaseDate}" class="dataWrap"/>
										</table:template>
									</table:Column>
									<table:Column hAlign="Left" width="240px" sortProperty="GapDueDate" filterProperty="GapDueDate">
										<table:customData>
											<core:CustomData key="p13nData"
												value='\{"columnKey": "GapDueDate","sortProperty": "GapDueDate", "filterProperty": "GapDueDate", "leadingProperty": "GapDueDate"}'/>
										</table:customData>
										<Text text="Gap Due Date"/>
										<table:template>
											<Text text="{GapDueDate}" tooltip="{GapDueDate}" class="dataWrap"/>
										</table:template>
									</table:Column>
									<table:Column hAlign="Left" width="240px" sortProperty="ExtReqNo" filterProperty="ExtReqNo">
										<table:customData>
											<core:CustomData key="p13nData"
												value='\{"columnKey": "ExtReqNo","sortProperty": "ExtReqNo", "filterProperty": "ExtReqNo", "leadingProperty": "ExtReqNo"}'/>
										</table:customData>
										<Text text="Extension Request Number"/>
										<table:template>
											<Text text="{ExtReqNo}" tooltip="{ExtReqNo}" class="dataWrap"/>
										</table:template>
									</table:Column>
									<table:Column hAlign="Left" width="240px" sortProperty="ExtReqDate" filterProperty="ExtReqDate">
										<table:customData>
											<core:CustomData key="p13nData"
												value='\{"columnKey": "ExtReqDate","sortProperty": "ExtReqDate", "filterProperty": "ExtReqDate", "leadingProperty": "ExtReqDate"}'/>
										</table:customData>
										<Text text="Extension Request Date"/>
										<table:template>
											<Text text="{ExtReqDate}" tooltip="{ExtReqDate}" class="dataWrap"/>
										</table:template>
									</table:Column>
									<table:Column hAlign="Left" width="240px" sortProperty="ExtReqStatus" filterProperty="ExtReqStatus">
										<table:customData>
											<core:CustomData key="p13nData"
												value='\{"columnKey": "ExtReqStatus","sortProperty": "ExtReqStatus", "filterProperty": "ExtReqStatus", "leadingProperty": "ExtReqStatus"}'/>
										</table:customData>
										<Text text="Extension Request Status"/>
										<table:template>
											<Text text="{ExtReqStatus}" tooltip="{ExtReqStatus}" class="dataWrap"/>
										</table:template>
									</table:Column>
									<table:Column hAlign="Left" width="240px" sortProperty="Site" filterProperty="Site">
										<table:customData>
											<core:CustomData key="p13nData" value='\{"columnKey": "Site","sortProperty": "Site", "filterProperty": "Site", "leadingProperty": "Site"}'/>
										</table:customData>
										<Text text="Site"/>
										<table:template>
											<Text text="{Site}" tooltip="{Site}" class="dataWrap"/>
										</table:template>
									</table:Column>
									<table:Column hAlign="Left" width="240px" sortProperty="Region" filterProperty="Region">
										<table:customData>
											<core:CustomData key="p13nData"
												value='\{"columnKey": "Region","sortProperty": "Region", "filterProperty": "Region", "leadingProperty": "Region"}'/>
										</table:customData>
										<Text text="Region"/>
										<table:template>
											<Text text="{Region}" tooltip="{Region}" class="dataWrap"/>
										</table:template>
									</table:Column>
									<table:Column hAlign="Left" width="240px" sortProperty="SiteQse" filterProperty="SiteQse">
										<table:customData>
											<core:CustomData key="p13nData"
												value='\{"columnKey": "SiteQse","sortProperty": "SiteQse", "filterProperty": "SiteQse", "leadingProperty": "SiteQse"}'/>
										</table:customData>
										<Text text="Site QSE"/>
										<table:template>
											<Text text="{SiteQse}" tooltip="{SiteQse}" class="dataWrap"/>
										</table:template>
									</table:Column>
								</table:columns>
							</table:Table>
						</smartTable:SmartTable>
					</f:content>
				</f:DynamicPage>
			</pages>
		</App>
		<buttons>
			<!-- MTest-JDOC360-App-Issue#178 -->
			<Button text="Cancel" type="Reject" press="cancelExtensionRequestReport"/>
		</buttons>
	</Dialog>
</core:FragmentDefinition>