<core:FragmentDefinition xmlns="sap.m" xmlns:core="sap.ui.core" xmlns:l="sap.ui.layout" xmlns:fb="sap.ui.comp.filterbar">
	<Dialog showHeader="false" draggable="true" contentHeight="420px" contentWidth="600px" afterClose="cancelFiltersDocStatus">
		<Page title="Select Filters">
			<l:Grid xmlns:l="sap.ui.layout" class="sapUiTinyMarginTop sapUiSizeCompact">
				<Label class="sapUiTinyMarginTop" text="Site">
					<layoutData>
						<l:GridData span="L4 M4 S12"/>
					</layoutData>
				</Label>
			</l:Grid>
			<l:Grid xmlns:l="sap.ui.layout" class="sapUiTinyMarginTop sapUiSizeCompact">
				<MultiComboBox id="sitePeriodicReview" width="100%" items="{/results}" change="changeSitePeriodicReview">
					<layoutData>
						<l:GridData span="L12 M12 S12"/>
					</layoutData>
					<core:Item key="{SiteId}" text="{SiteId}-{SiteName}"/>
				</MultiComboBox>
			</l:Grid>
			<l:Grid xmlns:l="sap.ui.layout" class="sapUiTinyMarginTop sapUiSizeCompact">
				<Label class="sapUiTinyMarginTop" text="Document Type">
					<layoutData>
						<l:GridData span="L4 M4 S12"/>
					</layoutData>
				</Label>
			</l:Grid>
			<l:Grid xmlns:l="sap.ui.layout" class="sapUiTinyMarginTop sapUiSizeCompact">
				<MultiComboBox id="docTypePeriodicReview" width="100%" items="{/results}">
					<layoutData>
						<l:GridData span="L12 M12 S12"/>
					</layoutData>
					<core:Item key="{TypeId}" text="{TypeId}-{TypeDesc}"/>
				</MultiComboBox>
			</l:Grid>
			<l:Grid xmlns:l="sap.ui.layout" class="sapUiTinyMarginTop sapUiSizeCompact">
				<Label class="sapUiTinyMarginTop" text="Customer">
					<layoutData>
						<l:GridData span="L4 M4 S12"/>
					</layoutData>
				</Label>
			</l:Grid>
			<l:Grid xmlns:l="sap.ui.layout" class="sapUiTinyMarginTop sapUiSizeCompact">
				<MultiComboBox id="customerPeriodicReview" width="100%" items="{/results}">
					<layoutData>
						<l:GridData span="L12 M12 S12"/>
					</layoutData>
					<core:Item key="{Customer}" text="{Customer}"/>
				</MultiComboBox>
			</l:Grid>
			<l:Grid xmlns:l="sap.ui.layout" class="sapUiTinyMarginTop sapUiSizeCompact">
				<Label class="sapUiTinyMarginTop" text="Department">
					<layoutData>
						<l:GridData span="L4 M4 S12"/>
					</layoutData>
				</Label>
			</l:Grid>
			<l:Grid xmlns:l="sap.ui.layout" class="sapUiTinyMarginTop sapUiSizeCompact">
				<MultiComboBox id="deptPeriodicReview" width="100%" items="{/results}">
					<layoutData>
						<l:GridData span="L12 M12 S12"/>
					</layoutData>
					<core:Item key="{DepId}" text="{DepId}-{Name}"/>
				</MultiComboBox>
			</l:Grid>
			<l:Grid xmlns:l="sap.ui.layout" class="sapUiTinyMarginTop sapUiSizeCompact">
				<Label class="sapUiTinyMarginTop" text="Author">
					<layoutData>
						<l:GridData span="L4 M4 S12"/>
					</layoutData>
				</Label>
			</l:Grid>
			<l:Grid xmlns:l="sap.ui.layout" class="sapUiTinyMarginTop sapUiSizeCompact">
				<MultiComboBox id="authorPeriodicReview" width="100%" items="{/results}">
					<layoutData>
						<l:GridData span="L12 M12 S12"/>
					</layoutData>
					<core:Item key="{User}" text="{User}"/>
				</MultiComboBox>
			</l:Grid>
			<l:Grid xmlns:l="sap.ui.layout" class="sapUiTinyMarginTop sapUiSizeCompact">
				<Label class="sapUiTinyMarginTop" text="Owner">
					<layoutData>
						<l:GridData span="L4 M4 S12"/>
					</layoutData>
				</Label>
			</l:Grid>
			<l:Grid xmlns:l="sap.ui.layout" class="sapUiTinyMarginTop sapUiSizeCompact">
				<MultiComboBox id="ownerPeriodicReview" width="100%" items="{/results}">
					<layoutData>
						<l:GridData span="L12 M12 S12"/>
					</layoutData>
					<core:Item key="{User}" text="{User}"/>
				</MultiComboBox>
			</l:Grid>
			<l:Grid xmlns:l="sap.ui.layout" class="sapUiTinyMarginTop sapUiSizeCompact">
				<Label class="sapUiTinyMarginTop" text="Pending User">
					<layoutData>
						<l:GridData span="L4 M4 S12"/>
					</layoutData>
				</Label>
			</l:Grid>
			<l:Grid xmlns:l="sap.ui.layout" class="sapUiTinyMarginTop sapUiSizeCompact">
				<MultiComboBox id="userPeriodicReview" width="100%" items="{/results}">
					<layoutData>
						<l:GridData span="L12 M12 S12"/>
					</layoutData>
					<core:Item key="{User}" text="{User}"/>
				</MultiComboBox>
			</l:Grid>
			<footer>
				<Toolbar>
					<Button id="approverPopoverBtn3" icon="sap-icon://messag-popup" text="{/messagesLength}" press="handleApproverListPopoverBtn3"/>
					<ToolbarSpacer/>
					<Button text="Save" type="Accept" press="applyFiltersPeriodicReviewCharts"/>
					<Button text="Cancel" type="Reject" press="cancelFiltersPeriodicReview"/>
				</Toolbar>
			</footer>
		</Page>
	</Dialog>
</core:FragmentDefinition>