<core:FragmentDefinition xmlns="sap.m" xmlns:core="sap.ui.core" xmlns:l="sap.ui.layout" xmlns:fb="sap.ui.comp.filterbar">
	<Dialog showHeader="false" draggable="true" contentHeight="420px" contentWidth="600px" afterClose="cancelAddLocation">
		<!--<customHeader>
			<Bar class="headerBackgroundDialog">
				<contentMiddle>
					<Title text="Select Filters"></Title>
				</contentMiddle>
			</Bar>
		</customHeader>-->
		<Page title="Select Filters">
			<l:Grid xmlns:l="sap.ui.layout" id="gridForSiteLabel" class="sapUiTinyMarginTop sapUiSizeCompact">
				<Label class="sapUiTinyMarginTop" text="Site">
					<layoutData>
						<l:GridData span="L4 M4 S12"/>
					</layoutData>
				</Label>
			</l:Grid>
			<l:Grid xmlns:l="sap.ui.layout" id="gridForSiteField" class="sapUiTinyMarginTop sapUiSizeCompact">
				<MultiComboBox id="siteInProcess" width="100%" items="{/results}" selectionChange="changeSiteInProcess">
					<layoutData>
						<l:GridData span="L12 M12 S12"/>
					</layoutData>
					<core:Item key="{SiteId}" text="{SiteId}-{SiteName}"/>
				</MultiComboBox>
			</l:Grid>
			<l:Grid xmlns:l="sap.ui.layout" id="gridForDocTypeLabel" class="sapUiTinyMarginTop sapUiSizeCompact">
				<Label class="sapUiTinyMarginTop" text="Document Type">
					<layoutData>
						<l:GridData span="L4 M4 S12"/>
					</layoutData>
				</Label>
			</l:Grid>
			<l:Grid xmlns:l="sap.ui.layout" id="gridForDocTypeField" class="sapUiTinyMarginTop sapUiSizeCompact">
				<MultiComboBox id="docTypeDrop" width="100%" items="{/results}">
					<layoutData>
						<l:GridData span="L12 M12 S12"/>
					</layoutData>
					<core:Item key="{TypeId}" text="{TypeId}-{TypeDesc}"/>
				</MultiComboBox>
			</l:Grid>
			<l:Grid xmlns:l="sap.ui.layout" id="gridForCustomerLabel" class="sapUiTinyMarginTop sapUiSizeCompact">
				<Label class="sapUiTinyMarginTop" text="Customer">
					<layoutData>
						<l:GridData span="L4 M4 S12"/>
					</layoutData>
				</Label>
			</l:Grid>
			<l:Grid xmlns:l="sap.ui.layout" id="gridForCustomerField" class="sapUiTinyMarginTop sapUiSizeCompact">
				<MultiComboBox id="CustomerDrop" width="100%" items="{/results}">
					<layoutData>
						<l:GridData span="L12 M12 S12"/>
					</layoutData>
					<core:Item key="{Customer}" text="{Customer}"/>
				</MultiComboBox>
			</l:Grid>
			<l:Grid xmlns:l="sap.ui.layout" id="gridForDeptLabel" class="sapUiTinyMarginTop sapUiSizeCompact">
				<Label class="sapUiTinyMarginTop" text="Department">
					<layoutData>
						<l:GridData span="L4 M4 S12"/>
					</layoutData>
				</Label>
			</l:Grid>
			<l:Grid xmlns:l="sap.ui.layout" id="gridForDeptField" class="sapUiTinyMarginTop sapUiSizeCompact">
				<MultiComboBox id="deptDrop" width="100%" items="{/results}">
					<layoutData>
						<l:GridData span="L12 M12 S12"/>
					</layoutData>
					<core:Item key="{DepId}" text="{DepId}-{Name}"/>
				</MultiComboBox>
			</l:Grid>
			<l:Grid xmlns:l="sap.ui.layout" id="gridForStatusLabel" class="sapUiTinyMarginTop sapUiSizeCompact">
				<Label class="sapUiTinyMarginTop" text="Status">
					<layoutData>
						<l:GridData span="L4 M4 S12"/>
					</layoutData>
				</Label>
			</l:Grid>
			<l:Grid xmlns:l="sap.ui.layout" id="gridForStatusField" class="sapUiTinyMarginTop sapUiSizeCompact">
				<MultiComboBox id="statusDrop" width="100%" items="{/}">
					<layoutData>
						<l:GridData span="L12 M12 S12"/>
					</layoutData>
					<core:Item key="{Status}" text="{Status}"/>
				</MultiComboBox>
			</l:Grid>
			<l:Grid xmlns:l="sap.ui.layout" id="gridForUserLabel" class="sapUiTinyMarginTop sapUiSizeCompact">
				<Label class="sapUiTinyMarginTop" text="Pending User">
					<layoutData>
						<l:GridData span="L4 M4 S12"/>
					</layoutData>
				</Label>
			</l:Grid>
			<l:Grid xmlns:l="sap.ui.layout" id="gridForUserField" class="sapUiTinyMarginTop sapUiSizeCompact">
				<MultiComboBox id="UserDrop" width="100%" items="{/results}">
					<layoutData>
						<l:GridData span="L12 M12 S12"/>
					</layoutData>
					<core:Item key="{User}" text="{User}"/>
				</MultiComboBox>
			</l:Grid>
			<footer>
				<Toolbar>
					<Button id="approverPopoverBtn3" icon="sap-icon://message-popup" text="{/messagesLength}" press="handleApproverListPopoverBtn3"/>
					<ToolbarSpacer/>
					<Button text="Save" type="Accept" press="applyFiltersInProcessCharts"/>
					<Button text="Cancel" type="Reject" press="cancelFiltersInProcess"/>
				</Toolbar>
			</footer>
		</Page>
	</Dialog>
</core:FragmentDefinition>