<core:FragmentDefinition xmlns="sap.m" xmlns:core="sap.ui.core" xmlns:l="sap.ui.layout" xmlns:fb="sap.ui.comp.filterbar">
	<Dialog showHeader="false" draggable="true" contentHeight="420px" contentWidth="600px" afterClose="cancelFiltersDocumentTypes">
		<!--	<customHeader>
			<Bar class="headerBackgroundDialog">
				<contentMiddle>
					<Title text="Select Filters"></Title>
				</contentMiddle>
			</Bar>
		</customHeader>-->
		<Page title="Select Filters">
			<content>
				<l:Grid xmlns:l="sap.ui.layout" id="gridForSiteLabel" class="sapUiTinyMarginTop sapUiSizeCompact">
					<Label class="sapUiTinyMarginTop" text="Site">
						<layoutData>
							<l:GridData span="L4 M4 S12"/>
						</layoutData>
					</Label>
				</l:Grid>
				<l:Grid xmlns:l="sap.ui.layout" class="sapUiTinyMarginTop sapUiSizeCompact">
					<MultiComboBox id="siteDocumentTypes" width="100%" items="{/results}" change="changeSiteDocumentTypes">
						<layoutData>
							<l:GridData span="L12 M12 S12"/>
						</layoutData>
						<core:Item key="{SiteId}" text="{SiteId}-{SiteName}"/>
					</MultiComboBox>
				</l:Grid>
				<l:Grid xmlns:l="sap.ui.layout" class="sapUiTinyMarginTop sapUiSizeCompact">
					<Label class="sapUiTinyMarginTop" text="Customer">
						<layoutData>
							<l:GridData span="L4 M4 S12"/>
						</layoutData>
					</Label>
				</l:Grid>
				<l:Grid xmlns:l="sap.ui.layout" class="sapUiTinyMarginTop sapUiSizeCompact">
					<MultiComboBox id="customerDocumentTypes" width="100%" items="{/results}">
						<layoutData>
							<l:GridData span="L12 M12 S12"/>
						</layoutData>
						<core:Item key="{Customer}" text="{Customer}"/>
					</MultiComboBox>
				</l:Grid>
				<l:Grid xmlns:l="sap.ui.layout" class="sapUiTinyMarginTop sapUiSizeCompact">
				<Label class="sapUiTinyMarginTop" text="Document Type">
					<layoutData>
						<l:GridData span="L4 M4 S12"/>
					</layoutData>
				</Label>
			</l:Grid>
			<l:Grid xmlns:l="sap.ui.layout" class="sapUiTinyMarginTop sapUiSizeCompact">
				<MultiComboBox id="docTypeDrop" width="100%" items="{/results}">
					<layoutData>
						<l:GridData span="L12 M12 S12"/>
					</layoutData>
					<core:Item key="{TypeId}" text="{TypeId}-{TypeDesc}"/>
				</MultiComboBox>
			</l:Grid>
				<l:Grid xmlns:l="sap.ui.layout" class="sapUiTinyMarginTop sapUiSizeCompact">
					<Label class="sapUiTinyMarginTop" text="Status">
						<layoutData>
							<l:GridData span="L4 M4 S12"/>
						</layoutData>
					</Label>
				</l:Grid>
				<l:Grid xmlns:l="sap.ui.layout" class="sapUiTinyMarginTop sapUiSizeCompact">
					<MultiComboBox id="statusDocumentTypes" width="100%" items="{/}">
						<layoutData>
							<l:GridData span="L12 M12 S12"/>
						</layoutData>
						<core:Item key="{Status}" text="{Status}"/>
					</MultiComboBox>
				</l:Grid>
				<l:Grid xmlns:l="sap.ui.layout" class="sapUiTinyMarginTop sapUiSizeCompact">
					<Label class="sapUiTinyMarginTop" text="Author">
						<layoutData>
							<l:GridData span="L4 M4 S12"/>
						</layoutData>
					</Label>
				</l:Grid>
				<l:Grid xmlns:l="sap.ui.layout" class="sapUiTinyMarginTop sapUiSizeCompact">
					<MultiComboBox id="authorDocumentTypes" width="100%" items="{/results}">
						<layoutData>
							<l:GridData span="L12 M12 S12"/>
						</layoutData>
						<core:Item key="{User}" text="{User}"/>
					</MultiComboBox>
				</l:Grid>
				<l:Grid xmlns:l="sap.ui.layout" class="sapUiTinyMarginTop sapUiSizeCompact">
					<Label class="sapUiTinyMarginTop" text="Owner">
						<layoutData>
							<l:GridData span="L4 M4 S12"/>
						</layoutData>
					</Label>
				</l:Grid>
				<l:Grid xmlns:l="sap.ui.layout" class="sapUiTinyMarginTop sapUiSizeCompact">
					<MultiComboBox id="ownerDocumentTypes" width="100%" items="{/results}">
						<layoutData>
							<l:GridData span="L12 M12 S12"/>
						</layoutData>
						<core:Item key="{User}" text="{User}"/>
					</MultiComboBox>
				</l:Grid>
			</content>
			<footer>
				<Toolbar>
					<Button id="approverPopoverBtn3" icon="sap-icon://message-popup" text="{/messagesLength}" press="handleApproverListPopoverBtn3"/>
					<ToolbarSpacer/>
					<Button text="Save" type="Accept" press="applyFiltersDocumentTypesCharts"/>
					<Button text="Cancel" type="Reject" press="cancelFiltersDocumentTypes"/>
				</Toolbar>
			</footer>
		</Page>
	</Dialog>
</core:FragmentDefinition>