<core:FragmentDefinition xmlns:html="http://www.w3.org/1999/xhtml" xmlns:mvc="sap.ui.core.mvc" displayBlock="true" xmlns="sap.m"
	xmlns:smartTable="sap.ui.comp.smarttable" xmlns:smartFilter="sap.ui.comp.smartfilterbar" xmlns:core="sap.ui.core"
	xmlns:smartField="sap.ui.comp.smartfield" xmlns:f="sap.f" xmlns:table="sap.ui.table">
	<Dialog draggable="true" contentHeight="520px" contentWidth="1100px" afterClose="cancelGapAssessmentReport" title="GAP Assessment Report">
		<App>
			<pages>
				<f:DynamicPage id="dynamicPageIdGapAssessment" showFooter="false">
					<f:header>
						<f:DynamicPageHeader pinnable="false">
							<f:content>
								<smartFilter:SmartFilterBar id="smartFilterBarGap" class="sapUiSizeCompact" entityType="GapReports" persistencyKey="SmartFilterBarPKey">
									<smartFilter:controlConfiguration>
										<smartFilter:ControlConfiguration key="Site" groupId="_BASIC" index="0" controlType="auto" visible="true" filterType="single"
											preventInitialDataFetchInValueHelpDialog="false" visibleInAdvancedArea="false" mandatory="mandatory"></smartFilter:ControlConfiguration>
										<!--<smartFilter:ControlConfiguration key="GlobalDocRev" groupId="_BASIC" index="5" controlType="auto" visible="true"
											preventInitialDataFetchInValueHelpDialog="false" visibleInAdvancedArea="false" mandatory="mandatory"></smartFilter:ControlConfiguration>-->
										<smartFilter:ControlConfiguration key="GlobalDocNo" groupId="_BASIC" index="1" controlType="auto" visible="true"
											preventInitialDataFetchInValueHelpDialog="false" visibleInAdvancedArea="false"></smartFilter:ControlConfiguration>
									</smartFilter:controlConfiguration>
								</smartFilter:SmartFilterBar>
							</f:content>
						</f:DynamicPageHeader>
					</f:header>
					<f:content>
						<smartTable:SmartTable id="smartTableGap" class="sapUiSizeCompact" smartFilterId="smartFilterBarGap" entitySet="GapReportsSet"
							tableType="Table" useExportToExcel="true" persistencyKey="SmartFilterBarPKey" showVariantManagement="true"
							dataReceived="controlledCopiesRecievedData" useVariantManagement="true" useTablePersonalisation="true" header="Items" showRowCount="true"
							enableAutoBinding="true" beforeRebindTable="onBeforeRebindTable" demandPopin="false">
							<!--	<OverflowToolbar design="Transparent">
						<ToolbarSpacer/>
						<OverflowToolbarButton text="Test"/>
						<OverflowToolbarButton icon="sap-icon://sort" text="Sort" press="onSort"/>
						<OverflowToolbarButton icon="sap-icon://filter" text="Filter" press="onFilter"/>
						<OverflowToolbarButton icon="sap-icon://group-2" text="Group" press="onGroup"/>
						<OverflowToolbarButton icon="sap-icon://action-settings" text="Columns" press="onColumns"/>
					</OverflowToolbar>-->
							<table:Table id="responsiveTableGap" visibleRowCountMode="Auto" selectionMode="Single" minAutoRowCount="8"
								class="sapUiSizeCompact">
								<table:columns>
									<table:Column hAlign="Left" width="160px" sortProperty="GlobalDocTitle" filterProperty="GlobalDocTitle">
										<table:customData>
											<core:CustomData key="p13nData"
												value='\{"columnKey": "GlobalDocTitle","sortProperty": "GlobalDocTitle", "filterProperty": "GlobalDocTitle","columnIndex":"0", "leadingProperty": "GlobalDocTitle"}'/>
										</table:customData>
										<Text text="Global Doc title"/>
										<table:template>
											<Text text="{GlobalDocTitle}" tooltip="{GlobalDocTitle}" class="dataWrap"/>
										</table:template>
									</table:Column>
									<table:Column hAlign="Left" width="160px" sortProperty="GlobalDocNo" filterProperty="GlobalDocNo">
										<table:customData>
											<core:CustomData key="p13nData"
												value='\{"columnKey": "GlobalDocNo","sortProperty": "GlobalDocNo", "filterProperty": "GlobalDocNo","columnIndex":"2", "leadingProperty": "GlobalDocNo"}'/>
										</table:customData>
										<Text text="Global Doc Number"/>
										<table:template>
											<Text text="{GlobalDocNo}" tooltip="{GlobalDocNo}" class="dataWrap"/>
										</table:template>
									</table:Column>
									<table:Column hAlign="Left" width="120px" sortProperty="GlobalDocRev" filterProperty="GlobalDocRev">
										<table:customData>
											<core:CustomData key="p13nData"
												value='\{"columnKey": "GlobalDocRev","sortProperty": "GlobalDocRev", "filterProperty": "GlobalDocRev","columnIndex":"3", "leadingProperty": "GlobalDocRev"}'/>
										</table:customData>
										<Text text="Global Doc Rev."/>
										<table:template>
											<Text text="{GlobalDocRev}"/>
										</table:template>
									</table:Column>
									<table:Column hAlign="Left" width="180px" sortProperty="GapAnalysisNo" filterProperty="GapAnalysisNo">
										<table:customData>
											<core:CustomData key="p13nData"
												value='\{"columnKey": "GapAnalysisNo","sortProperty": "GapAnalysisNo", "filterProperty": "GapAnalysisNo","columnIndex":"5", "leadingProperty": "GapAnalysisNo"}'/>
										</table:customData>
										<Text text="Gap Analysis No"/>
										<table:template>
											<Text text="{GapAnalysisNo}" tooltip="{GapAnalysisNo}" class="dataWrap"/>
										</table:template>
									</table:Column>
									<table:Column hAlign="Left" width="120px" sortProperty="GapAnalysisStatus" filterProperty="GapAnalysisStatus">
										<table:customData>
											<core:CustomData key="p13nData"
												value='\{"columnKey": "GapAnalysisStatus","sortProperty": "GapAnalysisStatus", "filterProperty": "GapAnalysisStatus","columnIndex":"6", "leadingProperty": "GapAnalysisStatus"}'/>
										</table:customData>
										<Text text="Gap Analysis Status"/>
										<table:template>
											<Text text="{GapAnalysisStatus}" tooltip="{GapAnalysisStatus}" class="dataWrap"/>
										</table:template>
									</table:Column>
									<table:Column hAlign="Left" width="240px" sortProperty="GapDueDate" filterProperty="GapDueDate">
										<table:customData>
											<core:CustomData key="p13nData"
												value='\{"columnKey": "GapDueDate","sortProperty": "GapDueDate", "filterProperty": "GapDueDate","columnIndex":"7", "leadingProperty": "GapDueDate"}'/>
										</table:customData>
										<Text text="Gap Due Date"/>
										<table:template>
											<Text text="{GapDueDate}" tooltip="{GapDueDate}" class="dataWrap"/>
										</table:template>
									</table:Column>
									<table:Column hAlign="Left" width="240px" sortProperty="CurrentStep" filterProperty="CurrentStep">
										<table:customData>
											<core:CustomData key="p13nData"
												value='\{"columnKey": "CurrentStep","sortProperty": "CurrentStep", "filterProperty": "CurrentStep","columnIndex":"8", "leadingProperty": "CurrentStep"}'/>
										</table:customData>
										<Text text="Current Step"/>
										<table:template>
											<Text text="{CurrentStep}" tooltip="{CurrentStep}" class="dataWrap"/>
										</table:template>
									</table:Column>
									<table:Column hAlign="Left" width="240px" sortProperty="PendingWith" filterProperty="PendingWith">
										<table:customData>
											<core:CustomData key="p13nData"
												value='\{"columnKey": "PendingWith","sortProperty": "PendingWith", "filterProperty": "PendingWith","columnIndex":"9", "leadingProperty": "PendingWith"}'/>
										</table:customData>
										<Text text="Pending With"/>
										<table:template>
											<Text text="{PendingWith}" tooltip="{PendingWith}" class="dataWrap"/>
										</table:template>
									</table:Column>
									<table:Column hAlign="Left" width="240px" sortProperty="GapStartDate" filterProperty="GapStartDate">
										<table:customData>
											<core:CustomData key="p13nData"
												value='\{"columnKey": "GapStartDate","sortProperty": "GapStartDate", "filterProperty": "GapStartDate", "leadingProperty": "GapStartDate"}'/>
										</table:customData>
										<Text text="Gap Start Date"/>
										<table:template>
											<Text text="{GapStartDate}" tooltip="{GapStartDate}" class="dataWrap"/>
										</table:template>
									</table:Column>
									<table:Column hAlign="Left" width="240px" sortProperty="DocReleaseDate" filterProperty="DocReleaseDate">
										<table:customData>
											<core:CustomData key="p13nData"
												value='\{"columnKey": "DocReleaseDate","sortProperty": "DocReleaseDate", "filterProperty": "DocReleaseDate", "leadingProperty": "DocReleaseDate"}'/>
										</table:customData>
										<Text text="Document Release Date"/>
										<table:template>
											<Text text="{DocReleaseDate}" tooltip="{DocReleaseDate}" class="dataWrap"/>
										</table:template>
									</table:Column>
									<table:Column hAlign="Left" width="240px" sortProperty="Site" filterProperty="Site">
										<table:customData>
											<core:CustomData key="p13nData" value='\{"columnKey": "Site","sortProperty": "Site", "filterProperty": "Site", "leadingProperty": "Site"}'/>
										</table:customData>
										<Text text="Site"/>
										<table:template>
											<Text text="{Site}" tooltip="{Site}" class="dataWrap"/>
										</table:template>
									</table:Column>
									<table:Column hAlign="Left" width="240px" sortProperty="Region" filterProperty="Region">
										<table:customData>
											<core:CustomData key="p13nData"
												value='\{"columnKey": "Region","sortProperty": "Region", "filterProperty": "Region", "leadingProperty": "Region"}'/>
										</table:customData>
										<Text text="Region"/>
										<table:template>
											<Text text="{Region}" tooltip="{Region}" class="dataWrap"/>
										</table:template>
									</table:Column>
									<table:Column hAlign="Left" width="240px" sortProperty="SiteQse" filterProperty="SiteQse">
										<table:customData>
											<core:CustomData key="p13nData"
												value='\{"columnKey": "SiteQse","sortProperty": "SiteQse", "filterProperty": "SiteQse", "leadingProperty": "SiteQse"}'/>
										</table:customData>
										<Text text="Site QSE"/>
										<table:template>
											<Text text="{SiteQse}" tooltip="{SiteQse}" class="dataWrap"/>
										</table:template>
									</table:Column>
									<!--<table:Column hAlign="Left" width="175px" sortProperty="ReleaseDate">
								<table:customData>
									<core:CustomData key="p13nData"
										value='\{"columnKey": "ReleaseDate","sortProperty": "ReleaseDate","columnIndex":"8", "filterProperty": "ReleaseDate", "leadingProperty": "ReleaseDate"}'/>
								</table:customData>
								<Text text="Release Date"/>
								<table:template>
									<Text text="{path:'ReleaseDate',formatter:'.formatter.dateTime'}"/>
								</table:template>
							</table:Column>-->
								</table:columns>
							</table:Table>
						</smartTable:SmartTable>
					</f:content>
				</f:DynamicPage>
			</pages>
		</App>
		<buttons>
			<Button text="Cancel" type="Reject" press="cancelGapAssessmentReport"/>
		</buttons>
	</Dialog>
</core:FragmentDefinition>