<core:FragmentDefinition xmlns:html="http://www.w3.org/1999/xhtml" xmlns:mvc="sap.ui.core.mvc" displayBlock="true" xmlns="sap.m"
	xmlns:smartTable="sap.ui.comp.smarttable" xmlns:smartFilter="sap.ui.comp.smartfilterbar" xmlns:core="sap.ui.core"
	xmlns:smartField="sap.ui.comp.smartfield" xmlns:f="sap.f" xmlns:table="sap.ui.table">
	<Dialog resizable="true" draggable="true" contentHeight="520px" contentWidth="1100px" afterClose="cancelLinkedDocumentsReport"
		title="Linked Documents Report">
		<App>
			<pages>
				<f:DynamicPage id="dynamicPageIdLinkedDocs" showFooter="false">
					<f:header>
						<f:DynamicPageHeader pinnable="false">
							<f:content>
								<smartFilter:SmartFilterBar id="smartFilterBarLinkedDocs" class="sapUiSizeCompact" entityType="LinkedJdocReports"
									beforeVariantSave="onBeforeVariantSaveLinkedDocs" afterVariantLoad="onAfterVariantLoadLinkedDocs" persistencyKey="SmartFilterBarPKey" showClearButton="true" clear="onClear" search="onSearch">
									<smartFilter:controlConfiguration>
										<smartFilter:ControlConfiguration key="SiteId" groupId="_BASIC" index="1" controlType="dropDownList" visible="true"
											preventInitialDataFetchInValueHelpDialog="false" visibleInAdvancedArea="false">
											<smartFilter:customControl>
												<Select id="siteIdDropdownLinkedDocs" class="siteIdTokens" items="{ path: 'siteModel>/results', templateShareable:false}"
													change="onSiteChangeMasterList">
													<core:Item key="{siteModel>SiteId}" text="{path:'siteModel>SiteId'}"/>
												</Select>
											</smartFilter:customControl>
										</smartFilter:ControlConfiguration>
										<smartFilter:ControlConfiguration key="JdocNumber" groupId="_BASIC" index="2" controlType="auto" visible="true"
											preventInitialDataFetchInValueHelpDialog="false" visibleInAdvancedArea="false">
											<smartFilter:customControl>
												<MultiComboBox id="docNumberDropDown" items="{ path: 'docNumberModel>/', templateShareable:false}">
													<core:Item key="{docNumberModel>JdocNumber}" text="{path:'docNumberModel>JdocNumber'}"/>
												</MultiComboBox>
											</smartFilter:customControl>
										</smartFilter:ControlConfiguration>
									
										<smartFilter:ControlConfiguration key="NextReviewDate" groupId="_ADVANCED" controlType="date" visible="true" filterType="interval"
											preventInitialDataFetchInValueHelpDialog="false" visibleInAdvancedArea="false" hasValueHelpDialog="false"/>
										<smartFilter:ControlConfiguration key="EffectiveDate" groupId="_ADVANCED" controlType="date" filterType="interval"
											hasValueHelpDialog="false" preventInitialDataFetchInValueHelpDialog="false" visibleInAdvancedArea="false"/>
										<smartFilter:ControlConfiguration key="CreatedDate" groupId="_ADVANCED" controlType="date" visible="true"
											preventInitialDataFetchInValueHelpDialog="false" visibleInAdvancedArea="false" hasValueHelpDialog="false"/>
										<smartFilter:ControlConfiguration key="ReleaseDate" groupId="_ADVANCED" controlType="date" filterType="interval" hasValueHelpDialog="false"
											preventInitialDataFetchInValueHelpDialog="false" visibleInAdvancedArea="false"/>
										<smartFilter:ControlConfiguration key="ExpirationDate" groupId="_ADVANCED" controlType="date" filterType="interval"
											hasValueHelpDialog="false" preventInitialDataFetchInValueHelpDialog="false" visibleInAdvancedArea="false"/>
									</smartFilter:controlConfiguration>
								</smartFilter:SmartFilterBar>
							</f:content>
						</f:DynamicPageHeader>
					</f:header>
					<f:content>
						<smartTable:SmartTable id="smartTableLinkedDocs" class="sapUiSizeCompact" smartFilterId="smartFilterBarLinkedDocs"
							entitySet="LinkedJdocReportsSet" tableType="Table" useExportToExcel="true" persistencyKey="SmartFilterBarPKey" showVariantManagement="false"
							dataReceived="controlledCopiesRecievedData" useVariantManagement="false" useTablePersonalisation="true" header="Items" showRowCount="true"
							enableAutoBinding="true" beforeRebindTable="onBeforeRebindTableLinkedDocs" demandPopin="false">
							<smartTable:customToolbar>
								<!--<OverflowToolbar design="Transparent">
									<ToolbarSpacer/>
									<OverflowToolbarButton text="Test"/>
									<OverflowToolbarButton icon="sap-icon://sort" text="Sort" press="onSort"/>
									<OverflowToolbarButton icon="sap-icon://filter" text="Filter" press="onFilter"/>
									<OverflowToolbarButton icon="sap-icon://group-2" text="Group" press="onGroup"/>
									<OverflowToolbarButton icon="sap-icon://action-settings" text="Columns" press="onColumns"/>
								</OverflowToolbar>-->
							</smartTable:customToolbar>
							<table:Table id="responsiveTableLinkedReports" visibleRowCountMode="Auto" selectionMode="Single"
								class="sapUiSizeCompact">
								<table:columns>
									<table:Column hAlign="Left" width="160px" sortProperty="JdocTitle" filterProperty="JdocTitle">
										<table:customData>
											<core:CustomData key="p13nData"
												value='\{"columnKey": "JdocTitle","sortProperty": "JdocTitle", "filterProperty": "JdocTitle","columnIndex":"0", "leadingProperty": "JdocTitle"}'/>
										</table:customData>
										<Text text="Title"/>
										<table:template>
											<Text text="{JdocTitle}" tooltip="{JdocTitle}" class="dataWrap"/>
										</table:template>
									</table:Column>
									<table:Column hAlign="Left" width="160px" sortProperty="JdocNumber" filterProperty="JdocNumber">
										<table:customData>
											<core:CustomData key="p13nData"
												value='\{"columnKey": "JdocNumber","sortProperty": "JdocNumber", "filterProperty": "JdocNumber","columnIndex":"1", "leadingProperty": "JdocNumber"}'/>
										</table:customData>
										<Text text="Document Number"/>
										<table:template>
											<Text text="{JdocNumber}" tooltip="{JdocNumber}" class="dataWrap"/>
										</table:template>
									</table:Column>
									<table:Column hAlign="Left" width="120px" sortProperty="JdocRevision" filterProperty="JdocRevision">
										<table:customData>
											<core:CustomData key="p13nData"
												value='\{"columnKey": "JdocRevision","sortProperty": "JdocRevision", "filterProperty": "JdocRevision","columnIndex":"2", "leadingProperty": "JdocRevision"}'/>
										</table:customData>
										<Text text="Rev."/>
										<table:template>
											<Text text="{JdocRevision}"/>
										</table:template>
									</table:Column>
									<table:Column hAlign="Left" width="180px" sortProperty="LinkedJdocNumber" filterProperty="LinkedJdocNumber">
										<table:customData>
											<core:CustomData key="p13nData"
												value='\{"columnKey": "LinkedJdocNumber","sortProperty": "LinkedJdocNumber", "filterProperty": "LinkedJdocNumber","columnIndex":"3", "leadingProperty": "LinkedJdocNumber"}'/>
										</table:customData>
										<Text text="Linked Doc No."/>
										<table:template>
											<Text text="{LinkedJdocNumber}" tooltip="{LinkedJdocNumber}" class="dataWrap"/>
										</table:template>
									</table:Column>
									<table:Column hAlign="Left" width="120px" sortProperty="LinkedJdocRevision" filterProperty="LinkedJdocRevision">
										<table:customData>
											<core:CustomData key="p13nData"
												value='\{"columnKey": "LinkedJdocRevision","sortProperty": "LinkedJdocRevision", "filterProperty": "LinkedJdocRevision","columnIndex":"4", "leadingProperty": "LinkedJdocRevision"}'/>
										</table:customData>
										<Text text="Linked Doc Rev."/>
										<table:template>
											<Text text="{LinkedJdocRevision}" tooltip="{LinkedJdocRevision}" class="dataWrap"/>
										</table:template>
									</table:Column>
									<table:Column hAlign="Left" width="240px" sortProperty="LinkedJdocTitle" filterProperty="LinkedJdocTitle">
										<table:customData>
											<core:CustomData key="p13nData"
												value='\{"columnKey": "LinkedJdocTitle","sortProperty": "LinkedJdocTitle", "filterProperty": "LinkedJdocTitle","columnIndex":"5", "leadingProperty": "LinkedJdocTitle"}'/>
										</table:customData>
										<Text text="Linked Doc Title"/>
										<table:template>
											<Text text="{LinkedJdocTitle}" tooltip="{LinkedJdocTitle}" class="dataWrap"/>
										</table:template>
									</table:Column>
									<table:Column hAlign="Left" visible="false" width="175px" sortProperty="ReleaseDate" filterProperty="ReleaseDate">
										<table:customData>
											<core:CustomData key="p13nData"
												value='\{"columnKey": "ReleaseDate","type":"date","sortProperty": "ReleaseDate","columnIndex":"6", "filterProperty": "ReleaseDate", "leadingProperty": "ReleaseDate"}'/>
										</table:customData>
										<Text text="Release Date"/>
										<table:template>
											<Text text="{path:'ReleaseDate',formatter:'.formatter.dateTime2'}"/><!-- old value formatter.dateTime -->
										</table:template>
									</table:Column>
									<table:Column hAlign="Left" visible="false" width="175px" sortProperty="CreatedDate" filterProperty="CreatedDate">
										<table:customData>
											<core:CustomData key="p13nData"
												value='\{"columnKey": "CreatedDate","type":"date","sortProperty": "CreatedDate","columnIndex":"7", "filterProperty": "CreatedDate", "leadingProperty": "CreatedDate"}'/>
										</table:customData>
										<Text text="Created Date"/>
										<table:template>
											<Text text="{path:'CreatedDate',formatter:'.formatter.dateTime2'}"/><!-- old value formatter.dateTime -->
										</table:template>
									</table:Column>
									<table:Column hAlign="Left" visible="false" width="175px" sortProperty="EffectiveDate" filterProperty="EffectiveDate">
										<table:customData>
											<core:CustomData key="p13nData"
												value='\{"columnKey": "EffectiveDate","type":"date","sortProperty": "EffectiveDate","columnIndex":"8", "filterProperty": "EffectiveDate", "leadingProperty": "EffectiveDate"}'/>
										</table:customData>
										<Text text="Effective Date"/>
										<table:template>
											<Text text="{path:'EffectiveDate',formatter:'.formatter.dateTime2'}"/><!-- old value formatter.dateTime -->
										</table:template>
									</table:Column>
									<table:Column hAlign="Left" visible="false" width="175px" sortProperty="ExpirationDate" filterProperty="ExpirationDate">
										<table:customData>
											<core:CustomData key="p13nData"
												value='\{"columnKey": "ExpirationDate","type":"date","sortProperty": "ExpirationDate","columnIndex":"9", "filterProperty": "ExpirationDate", "leadingProperty": "ExpirationDate"}'/>
										</table:customData>
										<Text text="Expiration Date"/>
										<table:template>
											<Text text="{path:'ExpirationDate',formatter:'.formatter.dateTime2'}"/><!-- old value formatter.dateTime -->
										</table:template>
									</table:Column>
									<table:Column hAlign="Left" visible="false" width="175px" sortProperty="NextReviewDate" filterProperty="NextReviewDate">
										<table:customData>
											<core:CustomData key="p13nData"
												value='\{"columnKey": "NextReviewDate","type":"date","sortProperty": "NextReviewDate","columnIndex":"10", "filterProperty": "NextReviewDate", "leadingProperty": "NextReviewDate"}'/>
										</table:customData>
										<Text text="Next Review Date"/>
										<table:template>
											<Text text="{path:'NextReviewDate',formatter:'.formatter.dateTime2'}"/><!-- old value formatter.dateTime -->
										</table:template>
									</table:Column>
									<table:Column hAlign="Left" visible="false" width="175px" sortProperty="LinkedJdocReleaseDate" filterProperty="LinkedJdocReleaseDate">
										<table:customData>
											<core:CustomData key="p13nData"
												value='\{"columnKey": "LinkedJdocReleaseDate","type":"date","sortProperty": "LinkedJdocReleaseDate", "filterProperty": "LinkedJdocReleaseDate", "leadingProperty": "LinkedJdocReleaseDate"}'/>
										</table:customData>
										<Text text="Linked Doc Release Date"/>
										<table:template>
											<Text text="{path:'LinkedJdocReleaseDate',formatter:'.formatter.dateTime2'}"/><!-- old value formatter.dateTime -->
										</table:template>
									</table:Column>
									<table:Column hAlign="Left" visible="false" width="175px" sortProperty="LinkedJdocCreatedDate" filterProperty="LinkedJdocCreatedDate">
										<table:customData>
											<core:CustomData key="p13nData"
												value='\{"columnKey": "LinkedJdocCreatedDate","type":"date","sortProperty": "LinkedJdocCreatedDate", "filterProperty": "LinkedJdocCreatedDate", "leadingProperty": "LinkedJdocCreatedDate"}'/>
										</table:customData>
										<Text text="Linked Doc Created Date"/>
										<table:template>
											<Text text="{path:'LinkedJdocCreatedDate',formatter:'.formatter.dateTime2'}"/><!-- old value formatter.dateTime -->
										</table:template>
									</table:Column>
									<table:Column hAlign="Left" visible="false" width="175px" sortProperty="LinkedJdocEffectiveDate" filterProperty="LinkedJdocEffectiveDate">
										<table:customData>
											<core:CustomData key="p13nData"
												value='\{"columnKey": "LinkedJdocEffectiveDate","type":"date","sortProperty": "LinkedJdocEffectiveDate", "filterProperty": "LinkedJdocEffectiveDate", "leadingProperty": "LinkedJdocEffectiveDate"}'/>
										</table:customData>
										<Text text="Linked Doc Effective Date"/>
										<table:template>
											<Text text="{path:'LinkedJdocEffectiveDate',formatter:'.formatter.dateTime2'}"/><!-- old value formatter.dateTime -->
										</table:template>
									</table:Column>
									<table:Column hAlign="Left" visible="false" width="175px" sortProperty="LinkedJdocExpirationDate" filterProperty="LinkedJdocExpirationDate">
										<table:customData>
											<core:CustomData key="p13nData"
												value='\{"columnKey": "LinkedJdocExpirationDate","type":"date","sortProperty": "LinkedJdocExpirationDate", "filterProperty": "LinkedJdocExpirationDate", "leadingProperty": "LinkedJdocExpirationDate"}'/>
										</table:customData>
										<Text text="Linked Doc Expiration Date"/>
										<table:template>
											<Text text="{path:'LinkedJdocExpirationDate',formatter:'.formatter.dateTime2'}"/><!-- old value formatter.dateTime -->
										</table:template>
									</table:Column>
									<table:Column hAlign="Left" visible="false" width="175px" sortProperty="LinkedJdocNextReviewDate" filterProperty="LinkedJdocNextReviewDate">
										<table:customData>
											<core:CustomData key="p13nData"
												value='\{"columnKey": "LinkedJdocNextReviewDate","type":"date","sortProperty": "LinkedJdocNextReviewDate", "filterProperty": "LinkedJdocNextReviewDate", "leadingProperty": "LinkedJdocNextReviewDate"}'/>
										</table:customData>
										<Text text="Linked Doc Next Review Date"/>
										<table:template>
											<Text text="{path:'LinkedJdocNextReviewDate',formatter:'.formatter.dateTime2'}"/><!-- old value formatter.dateTime -->
										</table:template>
									</table:Column>
								</table:columns>
							</table:Table>
						</smartTable:SmartTable>
					</f:content>
				</f:DynamicPage>
			</pages>
		</App>
		<buttons>
			<Button text="Cancel" type="Reject" press="cancelLinkedDocumentsReport"/>
		</buttons>
	</Dialog>
</core:FragmentDefinition>