<core:FragmentDefinition xmlns:f="sap.f" xmlns:html="http://www.w3.org/1999/xhtml" xmlns:mvc="sap.ui.core.mvc" displayBlock="true"
	xmlns="sap.m" xmlns:smartTable="sap.ui.comp.smarttable" xmlns:smartFilter="sap.ui.comp.smartfilterbar" xmlns:core="sap.ui.core"
	xmlns:smartField="sap.ui.comp.smartfield" xmlns:table="sap.ui.table">
	<Dialog resizable="true" draggable="true" contentHeight="520px" contentWidth="1100px" afterClose="cancelMasterListReport"
		title="Master List Report">
		<App>
			<pages>
				<f:DynamicPage id="dynamicPageId" showFooter="false">
					<f:header>
						<f:DynamicPageHeader pinnable="false">
							<f:content>
								<smartFilter:SmartFilterBar id="smartFilterBarMasterList" class="sapUiSizeCompact" entityType="SiteMasterListReport"
									persistencyKey="SmartFilterBarPKey" beforeVariantSave="onBeforeVariantSaveMasterList" afterVariantLoad="onAfterVariantLoadMasterList" showClearButton="true" clear="onClear" search="onSearch">
									<smartFilter:controlConfiguration>
										<smartFilter:ControlConfiguration key="SiteId" groupId="_BASIC" index="0" controlType="auto" visible="true"
											preventInitialDataFetchInValueHelpDialog="false" visibleInAdvancedArea="false">
											<smartFilter:customControl>
												<Select id="siteIdDropdownMasterList" class="siteIdTokens" items="{ path: 'siteModel>/results', templateShareable:false}"
													change="onSiteChangeMasterList">
													<core:Item key="{siteModel>SiteId}" text="{path:'siteModel>SiteId'}"/>
												</Select>
											</smartFilter:customControl>
										</smartFilter:ControlConfiguration>
										<smartFilter:ControlConfiguration key="CreatedDate" groupId="_ADVANCED" controlType="date" visible="true" filterType="auto"
											preventInitialDataFetchInValueHelpDialog="false" visibleInAdvancedArea="false"></smartFilter:ControlConfiguration>
									</smartFilter:controlConfiguration>
								</smartFilter:SmartFilterBar>
							</f:content>
						</f:DynamicPageHeader>
					</f:header>
					<f:content>
						<smartTable:SmartTable id="smartTableMasterList" class="sapUiSizeCompact" smartFilterId="smartFilterBarMasterList"
							entitySet="SiteMasterListReportSet" tableType="Table" useExportToExcel="true" persistencyKey="SmartTablePKey" 
							showVariantManagement="false"
							dataReceived="masterListReportDataRecieved"  
							useVariantManagement="false" 
							useTablePersonalisation="true" 
							header="Items" 
							showRowCount="true"
							enableAutoBinding="true" 
							ignoredFields="AuthorId,OwnerId" 
							beforeRebindTable="onBeforeRebindTableMasterList" 
							demandPopin="false"
							>
							<table:Table id="responsiveTableMasterList" visibleRowCountMode="Auto" selectionMode="Single" class="sapUiSizeCompact">
								<table:columns>
									<table:Column hAlign="Left" width="160px" sortProperty="JdocTitle" filterProperty="JdocTitle">
										<table:customData>
											<core:CustomData key="p13nData"
												value='\{"columnKey": "JdocTitle","sortProperty": "JdocTitle", "filterProperty": "JdocTitle","columnIndex":"0", "leadingProperty": "JdocTitle"}'/>
										</table:customData>
										<Text text="Title"/>
										<table:template>
											<Text text="{JdocTitle}" tooltip="{JdocTitle}" class="dataWrap"/>
										</table:template>
									</table:Column>
									<table:Column hAlign="Left" width="160px" sortProperty="JdocNumber" filterProperty="JdocNumber">
										<table:customData>
											<core:CustomData key="p13nData"
												value='\{"columnKey": "JdocNumber","sortProperty": "JdocNumber", "filterProperty": "JdocNumber","columnIndex":"1", "leadingProperty": "JdocNumber"}'/>
										</table:customData>
										<Text text="Document Number"/>
										<table:template>
											<Text text="{JdocNumber}" tooltip="{JdocNumber}" class="dataWrap"/>
										</table:template>
									</table:Column>
									<table:Column hAlign="Left" width="120px" sortProperty="JdocRevision" filterProperty="JdocRevision">
										<table:customData>
											<core:CustomData key="p13nData"
												value='\{"columnKey": "JdocRevision","sortProperty": "JdocRevision", "filterProperty": "JdocRevision","columnIndex":"2", "leadingProperty": "JdocRevision"}'/>
										</table:customData>
										<Text text="Rev."/>
										<table:template>
											<Text text="{JdocRevision}"/>
										</table:template>
									</table:Column>
									<table:Column hAlign="Left" width="180px" sortProperty="JdocStatus" filterProperty="JdocStatus">
										<table:customData>
											<core:CustomData key="p13nData"
												value='\{"columnKey": "JdocStatus","sortProperty": "JdocStatus", "filterProperty": "JdocStatus","columnIndex":"3", "leadingProperty": "JdocStatus"}'/>
										</table:customData>
										<Text text="Status"/>
										<table:template>
											<Text text="{JdocStatus}" tooltip="{JdocStatus}" class="dataWrap"/>
										</table:template>
									</table:Column>
									<table:Column hAlign="Left" width="120px" sortProperty="Customer" filterProperty="Customer">
										<table:customData>
											<core:CustomData key="p13nData"
												value='\{"columnKey": "Customer","sortProperty": "Customer", "filterProperty": "Customer","columnIndex":"4", "leadingProperty": "Customer"}'/>
										</table:customData>
										<Text text="Customer"/>
										<table:template>
											<Text text="{Customer}" tooltip="{Customer}" class="dataWrap"/>
										</table:template>
									</table:Column>
									<table:Column hAlign="Left" width="60px" sortProperty="Department" filterProperty="Department">
										<table:customData>
											<core:CustomData key="p13nData"
												value='\{"columnKey": "Department", "sortProperty": "Department", "filterProperty": "Department","columnIndex":"5", "leadingProperty": "Department"}'/>
										</table:customData>
										<Text text="Dept."/>
										<table:template>
											<Text text="{Department}"/>
										</table:template>
									</table:Column>
									<table:Column hAlign="Left" width="120px" sortProperty="OwnerName" filterProperty="OwnerName">
										<table:customData>
											<core:CustomData key="p13nData"
												value='\{"columnKey": "OwnerName","sortProperty": "OwnerName", "filterProperty": "OwnerName", "leadingProperty": "OwnerName"}'/>
										</table:customData>
										<Text text="Owner Name"/>
										<table:template>
											<Text text="{OwnerName}"/>
										</table:template>
									</table:Column>
									<table:Column hAlign="Left" width="120px" sortProperty="AuthorName" filterProperty="AuthorName">
										<table:customData>
											<core:CustomData key="p13nData"
												value='\{"columnKey": "AuthorName","sortProperty": "AuthorName", "leadingProperty": "AuthorName"}'/>
										</table:customData>
										<Text text="Author Name"/>
										<table:template>
											<Text text="{AuthorName}"/>
										</table:template>
									</table:Column>
									<table:Column hAlign="Left" visible="false" width="175px" sortProperty="ReleaseDate" filterProperty="ReleaseDate">
										<table:customData>
											<core:CustomData key="p13nData"
												value='\{"columnKey": "ReleaseDate","type":"date","sortProperty": "ReleaseDate","columnIndex":"6", "filterProperty": "ReleaseDate", "leadingProperty": "ReleaseDate"}'/>
										</table:customData>
										<Text text="Release Date"/>
										<table:template>
											<Text text="{path:'ReleaseDate',formatter:'.formatter.dateTime2'}"/><!-- old value formatter.dateTime-->
										</table:template>
									</table:Column>
									<table:Column hAlign="Left" visible="false" width="175px" sortProperty="CreatedDate" filterProperty="CreatedDate">
										<table:customData>
											<core:CustomData key="p13nData"
												value='\{"columnKey": "CreatedDate","type":"date","sortProperty": "CreatedDate","columnIndex":"7", "filterProperty": "CreatedDate", "leadingProperty": "CreatedDate"}'/>
										</table:customData>
										<Text text="Created Date"/>
										<table:template>
											<Text text="{path:'CreatedDate',formatter:'.formatter.dateTime2'}"/><!-- old value formatter.dateTime-->
										</table:template>
									</table:Column>
									<table:Column hAlign="Left" visible="false" width="175px" sortProperty="EffectiveDate" filterProperty="EffectiveDate">
										<table:customData>
											<core:CustomData key="p13nData"
												value='\{"columnKey": "EffectiveDate","type":"date","sortProperty": "EffectiveDate","columnIndex":"8", "filterProperty": "EffectiveDate", "leadingProperty": "EffectiveDate"}'/>
										</table:customData>
										<Text text="Effective Date"/>
										<table:template>
											<Text text="{path:'EffectiveDate',formatter:'.formatter.dateTime2'}"/><!-- old value formatter.dateTime-->
										</table:template>
									</table:Column>
									<table:Column hAlign="Left" visible="false" width="175px" sortProperty="ExpirationDate" filterProperty="ExpirationDate">
										<table:customData>
											<core:CustomData key="p13nData"
												value='\{"columnKey": "ExpirationDate","type":"date","sortProperty": "ExpirationDate","columnIndex":"9", "filterProperty": "ExpirationDate", "leadingProperty": "ExpirationDate"}'/>
										</table:customData>
										<Text text="Expiration Date"/>
										<table:template>
											<Text text="{path:'ExpirationDate',formatter:'.formatter.dateTime2'}"/><!-- old value formatter.dateTime-->
										</table:template>
									</table:Column>
									<table:Column hAlign="Left" visible="false" width="175px" sortProperty="NextReviewDate" filterProperty="NextReviewDate">
										<table:customData>
											<core:CustomData key="p13nData"
												value='\{"columnKey": "NextReviewDate","type":"date","sortProperty": "NextReviewDate","columnIndex":"10", "filterProperty": "NextReviewDate", "leadingProperty": "NextReviewDate"}'/>
										</table:customData>
										<Text text="Next Review Date"/>
										<table:template>
											<Text text="{path:'NextReviewDate',formatter:'.formatter.dateTime2'}"/><!-- old value formatter.dateTime-->
										</table:template>
									</table:Column>
								<table:Column hAlign="Left" visible="false" width="150px" sortProperty="Field01" filterProperty="Field01">
										<table:customData>
											<core:CustomData key="p13nData"
												value='\{"columnKey": "Field01","sortProperty": "Field01", "filterProperty": "Field01", "leadingProperty": "Field01"}'/>
										</table:customData>
										<!--{labelModel>/results/0}-->
										<Text text="{=${labelModel>/results/0}!==undefined?${labelModel>/results/0}:'Z-NoCascadingValueForLabel1'}"/>
										<table:template>
											<Text text="{Field01}"/>
										</table:template>
									</table:Column>
									<table:Column hAlign="Left" visible="false" width="150px" sortProperty="Field02" filterProperty="Field02">
										<table:customData>
											<core:CustomData key="p13nData"
												value='\{"columnKey": "Field02","sortProperty": "Field02", "filterProperty": "Field02", "leadingProperty": "Field02"}'/>
										</table:customData>
										<Text text="{=${labelModel>/results/1}!==undefined?${labelModel>/results/1}:'Z-NoCascadingValueForLabel2'}"/>
										<table:template>
											<Text text="{Field02}"/>
										</table:template>
									</table:Column>
									<table:Column hAlign="Left" visible="false" width="150px" sortProperty="Field03" filterProperty="Field03">
										<table:customData>
											<core:CustomData key="p13nData"
												value='\{"columnKey": "Field03","sortProperty": "Field03", "filterProperty": "Field03", "leadingProperty": "Field03"}'/>
										</table:customData>
										<Text text="{=${labelModel>/results/2}!==undefined?${labelModel>/results/2}:'Z-NoCascadingValueForLabel3'}"/>
										<table:template>
											<Text text="{Field03}"/>
										</table:template>
									</table:Column>
									<table:Column hAlign="Left" visible="false" width="150px" sortProperty="Field04" filterProperty="Field04">
										<table:customData>
											<core:CustomData key="p13nData"
												value='\{"columnKey": "Field04","sortProperty": "Field04", "filterProperty": "Field04", "leadingProperty": "Field04"}'/>
										</table:customData>
										<Text text="{=${labelModel>/results/3}!==undefined?${labelModel>/results/3}:'Z-NoCascadingValueForLabel4'}"/>
										<table:template>
											<Text text="{Field04}"/>
										</table:template>
									</table:Column>
									<table:Column hAlign="Left" visible="false" width="150px" sortProperty="Field05" filterProperty="Field05">
										<table:customData>
											<core:CustomData key="p13nData"
												value='\{"columnKey": "Field05","sortProperty": "Field05", "filterProperty": "Field05", "leadingProperty": "Field05"}'/>
										</table:customData>
										<Text text="{=${labelModel>/results/4}!==undefined?${labelModel>/results/4}:'Z-NoCascadingValueForLabel5'}"/>
										<table:template>
											<Text text="{Field05}"/>
										</table:template>
									</table:Column>
									<table:Column hAlign="Left" visible="false" width="150px" sortProperty="Field06" filterProperty="Field06">
										<table:customData>
											<core:CustomData key="p13nData"
												value='\{"columnKey": "Field06","sortProperty": "Field06", "filterProperty": "Field06", "leadingProperty": "Field06"}'/>
										</table:customData>
										<Text text="{=${labelModel>/results/5}!==undefined?${labelModel>/results/5}:'Z-NoCascadingValueForLabel6'}"/>
										<table:template>
											<Text text="{Field06}"/>
										</table:template>
									</table:Column>
									<table:Column hAlign="Left" visible="false" width="150px" sortProperty="Field07" filterProperty="Field07">
										<table:customData>
											<core:CustomData key="p13nData"
												value='\{"columnKey": "Field07","sortProperty": "Field07", "filterProperty": "Field07", "leadingProperty": "Field07"}'/>
										</table:customData>
										<Text text="{=${labelModel>/results/6}!==undefined?${labelModel>/results/6}:'Z-NoCascadingValueForLabel7'}"/>
										<table:template>
											<Text text="{Field07}"/>
										</table:template>
									</table:Column>
									<table:Column hAlign="Left" visible="false" width="150px" sortProperty="Field08" filterProperty="Field08">
										<table:customData>
											<core:CustomData key="p13nData"
												value='\{"columnKey": "Field08","sortProperty": "Field08", "filterProperty": "Field08", "leadingProperty": "Field08"}'/>
										</table:customData>
										<Text text="{=${labelModel>/results/7}!==undefined?${labelModel>/results/7}:'Z-NoCascadingValueForLabel8'}"/>
										<table:template>
											<Text text="{Field08}"/>
										</table:template>
									</table:Column>
									<table:Column hAlign="Left" visible="false" width="150px" sortProperty="Field09" filterProperty="Field09">
										<table:customData>
											<core:CustomData key="p13nData"
												value='\{"columnKey": "Field09","sortProperty": "Field09", "filterProperty": "Field09", "leadingProperty": "Field09"}'/>
										</table:customData>
										<Text text="{=${labelModel>/results/8}!==undefined?${labelModel>/results/8}:'Z-NoCascadingValueForLabel9'}"/>
										<table:template>
											<Text text="{Field09}"/>
										</table:template>
									</table:Column>
									<table:Column hAlign="Left" visible="false" width="150px" sortProperty="Field10" filterProperty="Field10">
										<table:customData>
											<core:CustomData key="p13nData"
												value='\{"columnKey": "Field10","sortProperty": "Field10", "filterProperty": "Field10", "leadingProperty": "Field10"}'/>
										</table:customData>
										<Text text="{=${labelModel>/results/9}!==undefined?${labelModel>/results/9}:'Z-NoCascadingValueForLabel10'}"/>
										<table:template>
											<Text text="{Field10}"/>
										</table:template>
									</table:Column>
								</table:columns>
							</table:Table>
						</smartTable:SmartTable>
					</f:content>
				</f:DynamicPage>
			</pages>
		</App>
		<buttons>
			<Button text="Cancel" type="Reject" press="cancelMasterListReport"/>
		</buttons>
	</Dialog>
</core:FragmentDefinition>