<core:FragmentDefinition xmlns="sap.m" xmlns:core="sap.ui.core" xmlns:l="sap.ui.layout" xmlns:fb="sap.ui.comp.filterbar">
	<Dialog draggable="true" contentHeight="420px" contentWidth="600px" afterClose="cancelAddLocation" title="Add Approvers">
		<customHeader>
			<Bar class="headerBackgroundDialog">
				<contentMiddle>
					<Title text="Select Filters"></Title>
				</contentMiddle>
			</Bar>
		</customHeader>
		<l:Grid xmlns:l="sap.ui.layout" id="gridForSiteLabel" class="sapUiTinyMarginTop sapUiSizeCompact">
			<Label class="sapUiTinyMarginTop" text="Column">
				<layoutData>
					<l:GridData span="L4 M2 S12"/>
				</layoutData>
			</Label>
		</l:Grid>
		<l:Grid xmlns:l="sap.ui.layout" id="gridForSiteField" class="sapUiTinyMarginTop sapUiSizeCompact">
			<Select id="columnsDD" width="100%">
				<layoutData>
					<l:GridData span="L12 M2 S12"/>
				</layoutData>
				<core:Item key="jDocNumber" text="Doc Number 1"/>
			</Select>
		</l:Grid>
		<l:Grid xmlns:l="sap.ui.layout" id="gridForDocTypeLabel" class="sapUiTinyMarginTop sapUiSizeCompact">
			<Label class="sapUiTinyMarginTop" text="Option">
				<layoutData>
					<l:GridData span="L4 M2 S12"/>
				</layoutData>
			</Label>
		</l:Grid>
		<l:Grid xmlns:l="sap.ui.layout" id="gridForDocTypeField" class="sapUiTinyMarginTop sapUiSizeCompact">
			<Select id="operatorDD" width="100%">
				<layoutData>
					<l:GridData span="L12 M2 S12"/>
				</layoutData>
				<core:Item key="EQ" text="Equals"/>
				<core:Item key="Contains" text="Contains"/>
			</Select>
		</l:Grid>
		<l:Grid xmlns:l="sap.ui.layout" id="gridForCustomerLabel" class="sapUiTinyMarginTop sapUiSizeCompact">
			<Label class="sapUiTinyMarginTop" text="Value">
				<layoutData>
					<l:GridData span="L4 M2 S12"/>
				</layoutData>
			</Label>
		</l:Grid>
		<l:Grid xmlns:l="sap.ui.layout" id="gridForCustomerField" class="sapUiTinyMarginTop sapUiSizeCompact">
			<Input id="valueColumn" width="100%">
				<layoutData>
					<l:GridData span="L12 M2 S12"/>
				</layoutData>
			</Input>
		</l:Grid>
		<l:Grid xmlns:l="sap.ui.layout"  class="sapUiTinyMarginTop sapUiSizeCompact">
			<Button press="startFilter" text="Search" width="100%">
				<layoutData>
					<l:GridData span="L12 M2 S12"/>
				</layoutData>
			</Button>
		</l:Grid>
		<Table inset="false" growing="true" growingScrollToLoad="true" id="controlledCopiesTable" class="sapUiSizeCompact"
			items="{path: 'controlledCopies>/'}">
			<columns>
			<!--	<Column minScreenWidth="Tablet" demandPopin="true" hAlign="Left">
					<Text text="Select"/>
				</Column>-->
				<Column minScreenWidth="Tablet" demandPopin="true" hAlign="Left">
					<Text text="JDOC NUMBER"/>
				</Column>
				<Column minScreenWidth="Tablet" demandPopin="true" hAlign="Left">
					<Text text="Revision"/>
				</Column>
				<Column minScreenWidth="Tablet" demandPopin="true" hAlign="Left">
					<Text text="Title"/>
				</Column>
			</columns>
			<items>
				<ColumnListItem>
					<cells>
						<!--<CheckBox selected="{approversList>Selected}" select="onApproverSelectCheckbox2"/>-->
						<Text text="{controlledCopies>JdocNumber}"/>
						<Text text="{controlledCopies>JdocRevision}"/>
						<Text text="{controlledCopies>JdocTitle}"/>
					</cells>
				</ColumnListItem>
			</items>
		</Table>
		<buttons>
			<Button icon="sap-icon://message-popup" text="{/messagesLength}" press="handleApproverListPopoverBtn3"/>
			<Button icon="sap-icon://accept" text="Select Approvers" type="Accept" press="addSelectedApprovers3"/>
			<Button icon="sap-icon://cancel" text="Cancel" type="Reject" press="cancelAddApprover3"/>
		</buttons>
	</Dialog>
</core:FragmentDefinition>