<core:FragmentDefinition xmlns:f="sap.f" xmlns:html="http://www.w3.org/1999/xhtml" xmlns:mvc="sap.ui.core.mvc" displayBlock="true"
	xmlns="sap.m" xmlns:smartTable="sap.ui.comp.smarttable" xmlns:smartFilter="sap.ui.comp.smartfilterbar" xmlns:core="sap.ui.core"
	xmlns:smartField="sap.ui.comp.smartfield" xmlns:table="sap.ui.table">
	<Dialog resizable="true" draggable="true" contentHeight="520px" contentWidth="1100px" afterClose="cancelMasterListReport"
		title="In Process Documents">
		<App>
			<pages>
				<f:DynamicPage id="dynamicPageIdInProcess" showFooter="false" fitContent="true">
					<f:header>
						<f:DynamicPageHeader pinnable="false">
							<f:content>
								<smartFilter:SmartFilterBar id="smartFilterBarInProcessChart" class="sapUiSizeCompact" entityType="DocInProcesChart"
									persistencyKey="SmartFilterBarPKey" showClearButton="true" clear="onClear" search="onSearch">
									<smartFilter:controlConfiguration>
										<smartFilter:ControlConfiguration key="SiteId" groupId="_BASIC" index="1" controlType="auto" visible="true"
											preventInitialDataFetchInValueHelpDialog="false" visibleInAdvancedArea="false" width="50em">
											<smartFilter:customControl>
												<MultiComboBox enabled="false" class="siteIdTokens" id="siteIdDropdown" items="{ path: 'siteModel>/results', templateShareable:false}"
													selectionChange="onSiteChange">
													<core:Item key="{siteModel>SiteId}" text="{path:'siteModel>SiteId'}"/>
												</MultiComboBox>
											</smartFilter:customControl>
										</smartFilter:ControlConfiguration>
										<!--MTest-JDoc360-App-Issue#260: groupId changed to _ADVANCED from _BASIC and and enabled to true -->
										<smartFilter:ControlConfiguration key="TypeId" groupId="_ADVANCED" index="1" controlType="auto" visible="true"
											preventInitialDataFetchInValueHelpDialog="false" visibleInAdvancedArea="false" width="50em">
											<smartFilter:customControl>
												<MultiComboBox enabled="true" class="siteIdTokens" id="typeIdDropdown" items="{ path: 'docTypeModel>/results', templateShareable:false}"
													selectionChange="onSiteChange">
													<!--MTest-JDOC360-App-Issue#96-->
													<core:Item key="{docTypeModel>TypeId}" text="{path:'docTypeModel>TypeId'}-{docTypeModel>TypeDesc}"/>
												</MultiComboBox>
											</smartFilter:customControl>
										</smartFilter:ControlConfiguration>
										<!--groupId changed to _ADVANCED from _BASIC to fix issue260-->
										<smartFilter:ControlConfiguration key="Customer" groupId="_ADVANCED" controlType="auto" visible="true" filterType="auto"
											preventInitialDataFetchInValueHelpDialog="false" visibleInAdvancedArea="false" hasValueHelpDialog="false">
											<smartFilter:customControl>
												<MultiComboBox enabled="true" class="siteIdTokens" id="customerIdDropDown"
													items="{ path: 'customerModel>/results', templateShareable:false}" selectionChange="onSiteChange">
													<core:Item key="{customerModel>Customer}" text="{path:'customerModel>Customer'}"/>
												</MultiComboBox>
											</smartFilter:customControl>
										</smartFilter:ControlConfiguration>
										<!--groupId changed to _ADVANCED from _BASIC to fix issue260-->
										<smartFilter:ControlConfiguration key="Department" groupId="_ADVANCED" controlType="auto" visible="true" filterType="auto"
											preventInitialDataFetchInValueHelpDialog="false" visibleInAdvancedArea="false" hasValueHelpDialog="false">
											<smartFilter:customControl>
												<MultiComboBox enabled="true" class="siteIdTokens" id="deptIdDropDown" items="{ path: 'deptModel>/results', templateShareable:false}"
													selectionChange="onSiteChange">
													<core:Item key="{deptModel>DepId}" text="{path:'deptModel>DepId'}"/>
												</MultiComboBox>
											</smartFilter:customControl>
										</smartFilter:ControlConfiguration>
										<!--groupId changed to _ADVANCED from _BASIC to fix issue260-->
										<smartFilter:ControlConfiguration key="JdocStatus" groupId="_ADVANCED" controlType="auto" visible="true" filterType="auto"
											preventInitialDataFetchInValueHelpDialog="false" visibleInAdvancedArea="false" hasValueHelpDialog="false">
											<smartFilter:customControl>
												<MultiComboBox enabled="true" class="siteIdTokens" id="statusDropDown" items="{ path: 'statusModel>/', templateShareable:false}"
													selectionChange="onSiteChange">
													<core:Item key="{statusModel>Status}" text="{path:'statusModel>Status'}"/>
												</MultiComboBox>
											</smartFilter:customControl>
										</smartFilter:ControlConfiguration>
										<!--groupId changed to _ADVANCED from _BASIC to fix issue260-->
										<smartFilter:ControlConfiguration key="PendingUser" groupId="_ADVANCED" controlType="auto" visible="true" filterType="auto"
											preventInitialDataFetchInValueHelpDialog="false" visibleInAdvancedArea="false" hasValueHelpDialog="false">
											<smartFilter:customControl>
												<MultiComboBox enabled="true" class="siteIdTokens" id="pendingUserDropDown"
													items="{ path: 'pendingUserModel>/results', templateShareable:false}" selectionChange="onSiteChange">
													<core:Item key="{pendingUserModel>User}" text="{path:'pendingUserModel>User'}"/>
												</MultiComboBox>
											</smartFilter:customControl>
										</smartFilter:ControlConfiguration>
										
										<!--MTest-JDOC360-App- Date GAP Issue -->
										<!--remvoed filterType="interval" property from below-->
										<smartFilter:ControlConfiguration key="NotificationDate" 
															groupId="_ADVANCED" 
															controlType="date" 
															visible="true" 
															preventInitialDataFetchInValueHelpDialog="false" 
															visibleInAdvancedArea="false" 
															hasValueHelpDialog="false"/>
															
										<smartFilter:ControlConfiguration key="EffectiveDate" 
										groupId="_ADVANCED" controlType="date" filterType="interval"
											hasValueHelpDialog="false" preventInitialDataFetchInValueHelpDialog="false" visibleInAdvancedArea="false"/>
											
									</smartFilter:controlConfiguration>
								</smartFilter:SmartFilterBar>
							</f:content>
						</f:DynamicPageHeader>
					</f:header>
					<f:content>
						<smartTable:SmartTable id="smartTableInProcessChart" 
							class="sapUiSizeCompact" 
							smartFilterId="smartFilterBarInProcessChart"
							entitySet="DocInProcesChartSet" 
							tableType="Table" 
							useExportToExcel="true" 
							persistencyKey="SmartTablePKey" showVariantManagement="true"
							useVariantManagement="true" useTablePersonalisation="true" 
							header="Items" 
							showRowCount="true" 
							enableAutoBinding="true"
							beforeRebindTable="onBeforeRebindTableInProcess" 
							ignoredFields="GetFlag,AuthorId,OwnerId,PendingUser" demandPopin="false">
							
							<table:Table id="responsiveTableInProcessChart" visibleRowCountMode="Auto" selectionMode="Single" class="sapUiSizeCompact"
							>
								<table:columns>
									<table:Column hAlign="Left" width="160px" sortProperty="JdocTitle" filterProperty="JdocTitle">
										<table:customData>
											<core:CustomData key="p13nData"
												value='\{"columnKey": "JdocTitle","sortProperty": "JdocTitle", "filterProperty": "JdocTitle","columnIndex":"0", "leadingProperty": "JdocTitle"}'/>
										</table:customData>
										<Text text="Title"/>
										<table:template>
											<Text text="{JdocTitle}" tooltip="{JdocTitle}" class="dataWrap"/>
										</table:template>
									</table:Column>
									<table:Column hAlign="Left" width="160px" sortProperty="JdocNumber" filterProperty="JdocNumber">
										<table:customData>
											<core:CustomData key="p13nData"
												value='\{"columnKey": "JdocNumber","sortProperty": "JdocNumber", "filterProperty": "JdocNumber","columnIndex":"1", "leadingProperty": "JdocNumber"}'/>
										</table:customData>
										<Text text="Document Number"/>
										<table:template>
											<Text text="{JdocNumber}" tooltip="{JdocNumber}" class="dataWrap"/>
										
										</table:template>
									</table:Column>
									<table:Column hAlign="Left" width="120px" sortProperty="JdocRevision" filterProperty="JdocRevision">
										<table:customData>
											<core:CustomData key="p13nData"
												value='\{"columnKey": "JdocRevision","sortProperty": "JdocRevision", "filterProperty": "JdocRevision","columnIndex":"2", "leadingProperty": "JdocRevision"}'/>
										</table:customData>
										<Text text="Rev."/>
										<table:template>
											<Text text="{JdocRevision}"/>
										</table:template>
									</table:Column>
									<table:Column hAlign="Left" width="180px" sortProperty="JdocStatus" filterProperty="JdocStatus">
										<table:customData>
											<core:CustomData key="p13nData"
												value='\{"columnKey": "JdocStatus","sortProperty": "JdocStatus", "filterProperty": "JdocStatus","columnIndex":"7", "leadingProperty": "JdocStatus"}'/>
										</table:customData>
										<Text text="Status"/>
										<table:template>
											<Text text="{JdocStatus}" tooltip="{JdocStatus}" class="dataWrap"/>
										</table:template>
									</table:Column>
									<table:Column hAlign="Left" width="120px" sortProperty="Customer" filterProperty="Customer">
										<table:customData>
											<core:CustomData key="p13nData"
												value='\{"columnKey": "Customer","sortProperty": "Customer", "filterProperty": "Customer","columnIndex":"4", "leadingProperty": "Customer"}'/>
										</table:customData>
										<Text text="Customer"/>
										<table:template>
											<Text text="{Customer}" tooltip="{Customer}" class="dataWrap"/>
										</table:template>
									</table:Column>
									<table:Column hAlign="Left" width="60px" sortProperty="Department" filterProperty="Department">
										<table:customData>
											<core:CustomData key="p13nData"
												value='\{"columnKey": "Department","sortProperty": "Department", "filterProperty": "Department","columnIndex":"5", "leadingProperty": "Department"}'/>
										</table:customData>
										<Text text="Dept."/>
										<table:template>
											<Text text="{Department}"/>
										</table:template>
									</table:Column>
									<table:Column hAlign="Left" width="120px" sortProperty="TypeDesc" filterProperty="TypeDesc">
										<table:customData>
											<core:CustomData key="p13nData"
												value='\{"columnKey": "TypeDesc","sortProperty": "TypeDesc", "filterProperty": "TypeDesc","columnIndex":"6", "leadingProperty": "TypeDesc"}'/>
										</table:customData>
										<Text text="Doc. Type"/>
										<table:template>
											<Text text="{TypeDesc}"/>
										</table:template>
									</table:Column>
									<!-- //MTest-JDoc360-App-Issue#260 -->
									<table:Column hAlign="Left" width="120px" sortProperty="ProcessType" filterProperty="ProcessType">
										<table:customData>
											<core:CustomData key="p13nData"
												value='\{"columnKey": "ProcessType","sortProperty": "ProcessType", "filterProperty": "ProcessType","columnIndex":"3", "leadingProperty": "ProcessType"}'/>
										</table:customData>
										<Text text="Task Type"/>
										<table:template>
											<Text text="{ProcessType}"/>
										</table:template>
									</table:Column>
									<table:Column hAlign="Left" width="120px" sortProperty="OwnerName" filterProperty="OwnerName">
										<table:customData>
											<core:CustomData key="p13nData"
												value='\{"columnKey": "OwnerName","sortProperty": "OwnerName", "filterProperty": "OwnerName","columnIndex":"8", "leadingProperty": "OwnerName"}'/>
										</table:customData>
										<Text text="Owner Name"/>
										<table:template>
											<Text text="{OwnerName}"/>
										</table:template>
									</table:Column>
									<table:Column hAlign="Left" width="120px" sortProperty="AuthorName" filterProperty="AuthorName">
										<table:customData>
											<core:CustomData key="p13nData"
												value='\{"columnKey": "AuthorName","sortProperty": "AuthorName", "filterProperty": "AuthorName","columnIndex":"9", "leadingProperty": "AuthorName"}'/>
										</table:customData>
										<Text text="Author Name"/>
										<table:template>
											<Text text="{AuthorName}"/>
										</table:template>
									</table:Column>
									<table:Column hAlign="Left" width="120px" sortProperty="PendingUserName" filterProperty="PendingUserName">
										<table:customData>
											<core:CustomData key="p13nData"
												value='\{"columnKey": "PendingUserName","sortProperty": "PendingUserName", "filterProperty": "PendingUserName","columnIndex":"10", "leadingProperty": "PendingUserName"}'/>
										</table:customData>
										<Text text="Pending User"/>
										<table:template>
											<Text text="{PendingUserName}"/>
										</table:template>
									</table:Column>
									<table:Column hAlign="Left" width="175px" visible="false" sortProperty="EffectiveDate" filterProperty="EffectiveDate">
										<table:customData>
											<core:CustomData key="p13nData"
												value='\{"columnKey": "EffectiveDate","sortProperty": "EffectiveDate","type":"date", "filterProperty": "EffectiveDate", "leadingProperty": "EffectiveDate"}'/>
										</table:customData>
										<Text text="Effective Date"/>
										<table:template>
											<Text text="{path:'EffectiveDate',formatter:'.formatter.dateTime2'}"/>
										</table:template>
									</table:Column>
									<table:Column hAlign="Left" width="175px" visible="false" sortProperty="NotificationDate" filterProperty="NotificationDate">
										<table:customData>
											<core:CustomData key="p13nData"
												value='\{"columnKey": "NotificationDate","sortProperty": "NotificationDate","type":"date", "NotificationDate": "EffectiveDate", "leadingProperty": "NotificationDate"}'/>
										</table:customData>
										<Text text="Notification Date"/>
										<table:template>
											<Text text="{path:'NotificationDate',formatter:'.formatter.dateTime2'}"/>
										</table:template>
									</table:Column>
								</table:columns>
							</table:Table>
						</smartTable:SmartTable>
					</f:content>
				</f:DynamicPage>
			</pages>
		</App>
		<buttons>
			<Button text="Cancel" type="Reject" press="cancelInProcessDialog"/>
		</buttons>
	</Dialog>
</core:FragmentDefinition>