<core:FragmentDefinition xmlns:html="http://www.w3.org/1999/xhtml" xmlns:mvc="sap.ui.core.mvc" displayBlock="true" xmlns="sap.m"
	xmlns:smartTable="sap.ui.comp.smarttable" xmlns:smartFilter="sap.ui.comp.smartfilterbar" xmlns:core="sap.ui.core"
	xmlns:smartField="sap.ui.comp.smartfield" xmlns:f="sap.f" xmlns:table="sap.ui.table">
	<Dialog draggable="true" contentHeight="520px" contentWidth="1100px" afterClose="cancelwaiverReport" title="Waiver Report">
		<App>
			<pages>
				<f:DynamicPage id="dynamicPageIdWaiver" showFooter="false">
					<f:header>
						<f:DynamicPageHeader pinnable="false">
							<f:content>
								<smartFilter:SmartFilterBar id="smartFilterBarWaiverReport" class="sapUiSizeCompact" entityType="WaiverReport"
									persistencyKey="SmartFilterBarPKey">
									<smartFilter:controlConfiguration>
										<smartFilter:ControlConfiguration key="Site" groupId="_BASIC" index="0" controlType="auto" visible="true"
											preventInitialDataFetchInValueHelpDialog="false" visibleInAdvancedArea="false" mandatory="mandatory"></smartFilter:ControlConfiguration>
										<smartFilter:ControlConfiguration key="GlobalDocNo" groupId="_BASIC" index="1" controlType="auto" visible="true"
											preventInitialDataFetchInValueHelpDialog="false" visibleInAdvancedArea="false"></smartFilter:ControlConfiguration>
									</smartFilter:controlConfiguration>
								</smartFilter:SmartFilterBar>
							</f:content>
						</f:DynamicPageHeader>
					</f:header>
					<f:content>
						<smartTable:SmartTable id="smartTableWaiverReport" class="sapUiSizeCompact" smartFilterId="smartFilterBarWaiverReport"
							entitySet="WaiverReportSet" tableType="ResponsiveTable" useExportToExcel="true" persistencyKey="SmartFilterBarPKey"
							showVariantManagement="true" dataReceived="controlledCopiesRecievedData" useVariantManagement="true" useTablePersonalisation="true"
							header="Items" showRowCount="true" enableAutoBinding="true" beforeRebindTable="onBeforeRebindTable" demandPopin="true">
							<table:Table id="responsiveTableWaiverReport"  visibleRowCountMode="Auto" selectionMode="Single" minAutoRowCount="8"
								class="sapUiSizeCompact">
								<table:columns>
									<table:Column hAlign="Left" width="160px" sortProperty="GlobalDocTitle" filterProperty="GlobalDocTitle">
										<table:customData>
											<core:CustomData key="p13nData"
												value='\{"columnKey": "GlobalDocTitle","sortProperty": "GlobalDocTitle", "filterProperty": "GlobalDocTitle","columnIndex":"0", "leadingProperty": "GlobalDocTitle"}'/>
										</table:customData>
										<Text text="Global Doc title"/>
										<table:template>
											<Text text="{GlobalDocTitle}" tooltip="{GlobalDocTitle}" class="dataWrap"/>
										</table:template>
									</table:Column>
									<table:Column hAlign="Left" width="160px" sortProperty="GlobalDocNo" filterProperty="GlobalDocNo">
										<table:customData>
											<core:CustomData key="p13nData"
												value='\{"columnKey": "GlobalDocNo","sortProperty": "GlobalDocNo", "filterProperty": "GlobalDocNo","columnIndex":"2", "leadingProperty": "GlobalDocNo"}'/>
										</table:customData>
										<Text text="Global Doc Number"/>
										<table:template>
											<Text text="{GlobalDocNo}" tooltip="{GlobalDocNo}" class="dataWrap"/>
										</table:template>
									</table:Column>
									<table:Column hAlign="Left" width="120px" sortProperty="GlobalDocRev" filterProperty="GlobalDocRev">
										<table:customData>
											<core:CustomData key="p13nData"
												value='\{"columnKey": "GlobalDocRev","sortProperty": "GlobalDocRev", "filterProperty": "GlobalDocRev","columnIndex":"3", "leadingProperty": "GlobalDocRev"}'/>
										</table:customData>
										<Text text="Global Doc Rev."/>
										<table:template>
											<Text text="{GlobalDocRev}"/>
										</table:template>
									</table:Column>
									<table:Column hAlign="Left" width="180px" sortProperty="DocReleaseDate" filterProperty="DocReleaseDate">
										<table:customData>
											<core:CustomData key="p13nData"
												value='\{"columnKey": "DocReleaseDate","sortProperty": "DocReleaseDate", "filterProperty": "DocReleaseDate","columnIndex":"5", "leadingProperty": "DocReleaseDate"}'/>
										</table:customData>
										<Text text="Document Release Date"/>
										<table:template>
											<Text text="{DocReleaseDate}" tooltip="{DocReleaseDate}" class="dataWrap"/>
										</table:template>
									</table:Column>
									<table:Column hAlign="Left" width="120px" sortProperty="WavCreatedBy" filterProperty="WavCreatedBy">
										<table:customData>
											<core:CustomData key="p13nData"
												value='\{"columnKey": "WavCreatedBy","sortProperty": "WavCreatedBy", "filterProperty": "WavCreatedBy","columnIndex":"6", "leadingProperty": "WavCreatedBy"}'/>
										</table:customData>
										<Text text="Waiver Created By"/>
										<table:template>
											<Text text="{WavCreatedBy}" tooltip="{WavCreatedBy}" class="dataWrap"/>
										</table:template>
									</table:Column>
									<table:Column hAlign="Left" width="240px" sortProperty="WavCreatedDate" filterProperty="WavCreatedDate">
										<table:customData>
											<core:CustomData key="p13nData"
												value='\{"columnKey": "WavCreatedDate","sortProperty": "WavCreatedDate", "filterProperty": "WavCreatedDate","columnIndex":"7", "leadingProperty": "WavCreatedDate"}'/>
										</table:customData>
										<Text text="Waiver Created Date"/>
										<table:template>
											<Text text="{WavCreatedDate}" tooltip="{WavCreatedDate}" class="dataWrap"/>
										</table:template>
									</table:Column>
									<table:Column hAlign="Left" width="240px" sortProperty="WavNumber" filterProperty="WavNumber">
										<table:customData>
											<core:CustomData key="p13nData"
												value='\{"columnKey": "WavNumber","sortProperty": "WavNumber", "filterProperty": "WavNumber","columnIndex":"8", "leadingProperty": "WavNumber"}'/>
										</table:customData>
										<Text text="Waiver Number"/>
										<table:template>
											<Text text="{WavNumber}" tooltip="{WavNumber}" class="dataWrap"/>
										</table:template>
									</table:Column>
									<table:Column hAlign="Left" width="240px" sortProperty="WavStatus" filterProperty="WavStatus">
										<table:customData>
											<core:CustomData key="p13nData"
												value='\{"columnKey": "WavStatus","sortProperty": "WavStatus", "filterProperty": "WavStatus","columnIndex":"9", "leadingProperty": "WavStatus"}'/>
										</table:customData>
										<Text text="Waiver Status"/>
										<table:template>
											<Text text="{WavStatus}" tooltip="{WavStatus}" class="dataWrap"/>
										</table:template>
									</table:Column>
									<table:Column hAlign="Left" width="240px" sortProperty="GapNumber" filterProperty="GapNumber">
										<table:customData>
											<core:CustomData key="p13nData"
												value='\{"columnKey": "GapNumber","sortProperty": "GapNumber", "filterProperty": "GapNumber", "leadingProperty": "GapNumber"}'/>
										</table:customData>
										<Text text="Gap Number"/>
										<table:template>
											<Text text="{GapNumber}" tooltip="{GapNumber}" class="dataWrap"/>
										</table:template>
									</table:Column>
									<table:Column hAlign="Left" width="240px" sortProperty="ProposedStartDate" filterProperty="ProposedStartDate">
										<table:customData>
											<core:CustomData key="p13nData"
												value='\{"columnKey": "ProposedStartDate","sortProperty": "ProposedStartDate", "filterProperty": "ProposedStartDate", "leadingProperty": "ProposedStartDate"}'/>
										</table:customData>
										<Text text="Proposed Start Date"/>
										<table:template>
											<Text text="{ProposedStartDate}" tooltip="{ProposedStartDate}" class="dataWrap"/>
										</table:template>
									</table:Column>
									<table:Column hAlign="Left" width="240px" sortProperty="ProposedEndDate" filterProperty="ProposedEndDate">
										<table:customData>
											<core:CustomData key="p13nData"
												value='\{"columnKey": "ProposedEndDate","sortProperty": "ProposedEndDate", "filterProperty": "ProposedEndDate", "leadingProperty": "ProposedEndDate"}'/>
										</table:customData>
										<Text text="Proposed End Date"/>
										<table:template>
											<Text text="{ProposedEndDate}" tooltip="{ProposedEndDate}" class="dataWrap"/>
										</table:template>
									</table:Column>
									<table:Column hAlign="Left" width="240px" sortProperty="Site" filterProperty="Site">
										<table:customData>
											<core:CustomData key="p13nData" value='\{"columnKey": "Site","sortProperty": "Site", "filterProperty": "Site", "leadingProperty": "Site"}'/>
										</table:customData>
										<Text text="Site"/>
										<table:template>
											<Text text="{Site}" tooltip="{Site}" class="dataWrap"/>
										</table:template>
									</table:Column>
									<table:Column hAlign="Left" width="240px" sortProperty="Region" filterProperty="Region">
										<table:customData>
											<core:CustomData key="p13nData"
												value='\{"columnKey": "Region","sortProperty": "Region", "filterProperty": "Region", "leadingProperty": "Region"}'/>
										</table:customData>
										<Text text="Region"/>
										<table:template>
											<Text text="{Region}" tooltip="{Region}" class="dataWrap"/>
										</table:template>
									</table:Column>
									<table:Column hAlign="Left" width="240px" sortProperty="SiteQse" filterProperty="SiteQse">
										<table:customData>
											<core:CustomData key="p13nData"
												value='\{"columnKey": "SiteQse","sortProperty": "SiteQse", "filterProperty": "SiteQse", "leadingProperty": "SiteQse"}'/>
										</table:customData>
										<Text text="Site QSE"/>
										<table:template>
											<Text text="{SiteQse}" tooltip="{SiteQse}" class="dataWrap"/>
										</table:template>
									</table:Column>
									<!--<table:Column hAlign="Left" width="175px" sortProperty="ReleaseDate">
								<table:customData>
									<core:CustomData key="p13nData"
										value='\{"columnKey": "ReleaseDate","sortProperty": "ReleaseDate","columnIndex":"8", "filterProperty": "ReleaseDate", "leadingProperty": "ReleaseDate"}'/>
								</table:customData>
								<Text text="Release Date"/>
								<table:template>
									<Text text="{path:'ReleaseDate',formatter:'.formatter.dateTime'}"/>
								</table:template>
							</table:Column>-->
								</table:columns>
							</table:Table>
						</smartTable:SmartTable>
					</f:content>
				</f:DynamicPage>
			</pages>
		</App>
		<buttons>
			<Button text="Cancel" type="Reject" press="cancelwaiverReport"/>
		</buttons>
	</Dialog>
</core:FragmentDefinition>